[2025-07-18 17:55:38] local.ERROR: SQLSTATE[HY000] [2002] No se puede establecer una conexión ya que el equipo de destino denegó expresamente dicha conexión (Connection: mysql, SQL: select exists (select 1 from information_schema.tables where table_schema = schema() and table_name = 'migrations' and table_type in ('BASE TABLE', 'SYSTEM VERSIONED')) as `exists`) {"exception":"[object] (Illuminate\\Database\\QueryException(code: 2002): SQLSTATE[HY000] [2002] No se puede establecer una conexión ya que el equipo de destino denegó expresamente dicha conexión (Connection: mysql, SQL: select exists (select 1 from information_schema.tables where table_schema = schema() and table_name = 'migrations' and table_type in ('BASE TABLE', 'SYSTEM VERSIONED')) as `exists`) at C:\\Users\\sharl\\repos\\pt_customerManagement_EC\\a\\vendor\\laravel\\framework\\src\\Illuminate\\Database\\Connection.php:822)
[stacktrace]
#0 C:\\Users\\sharl\\repos\\pt_customerManagement_EC\\a\\vendor\\laravel\\framework\\src\\Illuminate\\Database\\Connection.php(776): Illuminate\\Database\\Connection->runQueryCallback('select exists (...', Array, Object(Closure))
#1 C:\\Users\\sharl\\repos\\pt_customerManagement_EC\\a\\vendor\\laravel\\framework\\src\\Illuminate\\Database\\Connection.php(395): Illuminate\\Database\\Connection->run('select exists (...', Array, Object(Closure))
#2 C:\\Users\\sharl\\repos\\pt_customerManagement_EC\\a\\vendor\\laravel\\framework\\src\\Illuminate\\Database\\Connection.php(341): Illuminate\\Database\\Connection->select('select exists (...', Array, true)
#3 C:\\Users\\sharl\\repos\\pt_customerManagement_EC\\a\\vendor\\laravel\\framework\\src\\Illuminate\\Database\\Connection.php(358): Illuminate\\Database\\Connection->selectOne('select exists (...', Array, true)
#4 C:\\Users\\sharl\\repos\\pt_customerManagement_EC\\a\\vendor\\laravel\\framework\\src\\Illuminate\\Database\\Schema\\Builder.php(174): Illuminate\\Database\\Connection->scalar('select exists (...')
#5 C:\\Users\\sharl\\repos\\pt_customerManagement_EC\\a\\vendor\\laravel\\framework\\src\\Illuminate\\Database\\Migrations\\DatabaseMigrationRepository.php(185): Illuminate\\Database\\Schema\\Builder->hasTable('migrations')
#6 C:\\Users\\sharl\\repos\\pt_customerManagement_EC\\a\\vendor\\laravel\\framework\\src\\Illuminate\\Database\\Migrations\\Migrator.php(749): Illuminate\\Database\\Migrations\\DatabaseMigrationRepository->repositoryExists()
#7 C:\\Users\\sharl\\repos\\pt_customerManagement_EC\\a\\vendor\\laravel\\framework\\src\\Illuminate\\Database\\Console\\Migrations\\MigrateCommand.php(164): Illuminate\\Database\\Migrations\\Migrator->repositoryExists()
#8 C:\\Users\\sharl\\repos\\pt_customerManagement_EC\\a\\vendor\\laravel\\framework\\src\\Illuminate\\Support\\helpers.php(338): Illuminate\\Database\\Console\\Migrations\\MigrateCommand->Illuminate\\Database\\Console\\Migrations\\{closure}(1)
#9 C:\\Users\\sharl\\repos\\pt_customerManagement_EC\\a\\vendor\\laravel\\framework\\src\\Illuminate\\Database\\Console\\Migrations\\MigrateCommand.php(164): retry(1, Object(Closure), 0, Object(Closure))
#10 C:\\Users\\sharl\\repos\\pt_customerManagement_EC\\a\\vendor\\laravel\\framework\\src\\Illuminate\\Database\\Console\\Migrations\\MigrateCommand.php(140): Illuminate\\Database\\Console\\Migrations\\MigrateCommand->repositoryExists()
#11 C:\\Users\\sharl\\repos\\pt_customerManagement_EC\\a\\vendor\\laravel\\framework\\src\\Illuminate\\Database\\Console\\Migrations\\MigrateCommand.php(110): Illuminate\\Database\\Console\\Migrations\\MigrateCommand->prepareDatabase()
#12 C:\\Users\\sharl\\repos\\pt_customerManagement_EC\\a\\vendor\\laravel\\framework\\src\\Illuminate\\Database\\Migrations\\Migrator.php(665): Illuminate\\Database\\Console\\Migrations\\MigrateCommand->Illuminate\\Database\\Console\\Migrations\\{closure}()
#13 C:\\Users\\sharl\\repos\\pt_customerManagement_EC\\a\\vendor\\laravel\\framework\\src\\Illuminate\\Database\\Console\\Migrations\\MigrateCommand.php(109): Illuminate\\Database\\Migrations\\Migrator->usingConnection(NULL, Object(Closure))
#14 C:\\Users\\sharl\\repos\\pt_customerManagement_EC\\a\\vendor\\laravel\\framework\\src\\Illuminate\\Database\\Console\\Migrations\\MigrateCommand.php(88): Illuminate\\Database\\Console\\Migrations\\MigrateCommand->runMigrations()
#15 C:\\Users\\sharl\\repos\\pt_customerManagement_EC\\a\\vendor\\laravel\\framework\\src\\Illuminate\\Container\\BoundMethod.php(36): Illuminate\\Database\\Console\\Migrations\\MigrateCommand->handle()
#16 C:\\Users\\sharl\\repos\\pt_customerManagement_EC\\a\\vendor\\laravel\\framework\\src\\Illuminate\\Container\\Util.php(43): Illuminate\\Container\\BoundMethod::Illuminate\\Container\\{closure}()
#17 C:\\Users\\sharl\\repos\\pt_customerManagement_EC\\a\\vendor\\laravel\\framework\\src\\Illuminate\\Container\\BoundMethod.php(96): Illuminate\\Container\\Util::unwrapIfClosure(Object(Closure))
#18 C:\\Users\\sharl\\repos\\pt_customerManagement_EC\\a\\vendor\\laravel\\framework\\src\\Illuminate\\Container\\BoundMethod.php(35): Illuminate\\Container\\BoundMethod::callBoundMethod(Object(Illuminate\\Foundation\\Application), Array, Object(Closure))
#19 C:\\Users\\sharl\\repos\\pt_customerManagement_EC\\a\\vendor\\laravel\\framework\\src\\Illuminate\\Container\\Container.php(754): Illuminate\\Container\\BoundMethod::call(Object(Illuminate\\Foundation\\Application), Array, Array, NULL)
#20 C:\\Users\\sharl\\repos\\pt_customerManagement_EC\\a\\vendor\\laravel\\framework\\src\\Illuminate\\Console\\Command.php(211): Illuminate\\Container\\Container->call(Array)
#21 C:\\Users\\sharl\\repos\\pt_customerManagement_EC\\a\\vendor\\symfony\\console\\Command\\Command.php(318): Illuminate\\Console\\Command->execute(Object(Symfony\\Component\\Console\\Input\\ArgvInput), Object(Illuminate\\Console\\OutputStyle))
#22 C:\\Users\\sharl\\repos\\pt_customerManagement_EC\\a\\vendor\\laravel\\framework\\src\\Illuminate\\Console\\Command.php(180): Symfony\\Component\\Console\\Command\\Command->run(Object(Symfony\\Component\\Console\\Input\\ArgvInput), Object(Illuminate\\Console\\OutputStyle))
#23 C:\\Users\\sharl\\repos\\pt_customerManagement_EC\\a\\vendor\\symfony\\console\\Application.php(1092): Illuminate\\Console\\Command->run(Object(Symfony\\Component\\Console\\Input\\ArgvInput), Object(Symfony\\Component\\Console\\Output\\ConsoleOutput))
#24 C:\\Users\\sharl\\repos\\pt_customerManagement_EC\\a\\vendor\\symfony\\console\\Application.php(341): Symfony\\Component\\Console\\Application->doRunCommand(Object(Illuminate\\Database\\Console\\Migrations\\MigrateCommand), Object(Symfony\\Component\\Console\\Input\\ArgvInput), Object(Symfony\\Component\\Console\\Output\\ConsoleOutput))
#25 C:\\Users\\sharl\\repos\\pt_customerManagement_EC\\a\\vendor\\symfony\\console\\Application.php(192): Symfony\\Component\\Console\\Application->doRun(Object(Symfony\\Component\\Console\\Input\\ArgvInput), Object(Symfony\\Component\\Console\\Output\\ConsoleOutput))
#26 C:\\Users\\sharl\\repos\\pt_customerManagement_EC\\a\\vendor\\laravel\\framework\\src\\Illuminate\\Foundation\\Console\\Kernel.php(197): Symfony\\Component\\Console\\Application->run(Object(Symfony\\Component\\Console\\Input\\ArgvInput), Object(Symfony\\Component\\Console\\Output\\ConsoleOutput))
#27 C:\\Users\\sharl\\repos\\pt_customerManagement_EC\\a\\vendor\\laravel\\framework\\src\\Illuminate\\Foundation\\Application.php(1234): Illuminate\\Foundation\\Console\\Kernel->handle(Object(Symfony\\Component\\Console\\Input\\ArgvInput), Object(Symfony\\Component\\Console\\Output\\ConsoleOutput))
#28 C:\\Users\\sharl\\repos\\pt_customerManagement_EC\\a\\artisan(16): Illuminate\\Foundation\\Application->handleCommand(Object(Symfony\\Component\\Console\\Input\\ArgvInput))
#29 {main}

[previous exception] [object] (PDOException(code: 2002): SQLSTATE[HY000] [2002] No se puede establecer una conexión ya que el equipo de destino denegó expresamente dicha conexión at C:\\Users\\sharl\\repos\\pt_customerManagement_EC\\a\\vendor\\laravel\\framework\\src\\Illuminate\\Database\\Connectors\\Connector.php:66)
[stacktrace]
#0 C:\\Users\\sharl\\repos\\pt_customerManagement_EC\\a\\vendor\\laravel\\framework\\src\\Illuminate\\Database\\Connectors\\Connector.php(66): PDO->__construct('mysql:host=127....', 'root', Object(SensitiveParameterValue), Array)
#1 C:\\Users\\sharl\\repos\\pt_customerManagement_EC\\a\\vendor\\laravel\\framework\\src\\Illuminate\\Database\\Connectors\\Connector.php(44): Illuminate\\Database\\Connectors\\Connector->createPdoConnection('mysql:host=127....', 'root', Object(SensitiveParameterValue), Array)
#2 C:\\Users\\sharl\\repos\\pt_customerManagement_EC\\a\\vendor\\laravel\\framework\\src\\Illuminate\\Database\\Connectors\\MySqlConnector.php(24): Illuminate\\Database\\Connectors\\Connector->createConnection('mysql:host=127....', Array, Array)
#3 C:\\Users\\sharl\\repos\\pt_customerManagement_EC\\a\\vendor\\laravel\\framework\\src\\Illuminate\\Database\\Connectors\\ConnectionFactory.php(184): Illuminate\\Database\\Connectors\\MySqlConnector->connect(Array)
#4 [internal function]: Illuminate\\Database\\Connectors\\ConnectionFactory->Illuminate\\Database\\Connectors\\{closure}()
#5 C:\\Users\\sharl\\repos\\pt_customerManagement_EC\\a\\vendor\\laravel\\framework\\src\\Illuminate\\Database\\Connection.php(1228): call_user_func(Object(Closure))
#6 C:\\Users\\sharl\\repos\\pt_customerManagement_EC\\a\\vendor\\laravel\\framework\\src\\Illuminate\\Database\\Connection.php(1264): Illuminate\\Database\\Connection->getPdo()
#7 C:\\Users\\sharl\\repos\\pt_customerManagement_EC\\a\\vendor\\laravel\\framework\\src\\Illuminate\\Database\\Connection.php(509): Illuminate\\Database\\Connection->getReadPdo()
#8 C:\\Users\\sharl\\repos\\pt_customerManagement_EC\\a\\vendor\\laravel\\framework\\src\\Illuminate\\Database\\Connection.php(404): Illuminate\\Database\\Connection->getPdoForSelect(true)
#9 C:\\Users\\sharl\\repos\\pt_customerManagement_EC\\a\\vendor\\laravel\\framework\\src\\Illuminate\\Database\\Connection.php(809): Illuminate\\Database\\Connection->Illuminate\\Database\\{closure}('select exists (...', Array)
#10 C:\\Users\\sharl\\repos\\pt_customerManagement_EC\\a\\vendor\\laravel\\framework\\src\\Illuminate\\Database\\Connection.php(776): Illuminate\\Database\\Connection->runQueryCallback('select exists (...', Array, Object(Closure))
#11 C:\\Users\\sharl\\repos\\pt_customerManagement_EC\\a\\vendor\\laravel\\framework\\src\\Illuminate\\Database\\Connection.php(395): Illuminate\\Database\\Connection->run('select exists (...', Array, Object(Closure))
#12 C:\\Users\\sharl\\repos\\pt_customerManagement_EC\\a\\vendor\\laravel\\framework\\src\\Illuminate\\Database\\Connection.php(341): Illuminate\\Database\\Connection->select('select exists (...', Array, true)
#13 C:\\Users\\sharl\\repos\\pt_customerManagement_EC\\a\\vendor\\laravel\\framework\\src\\Illuminate\\Database\\Connection.php(358): Illuminate\\Database\\Connection->selectOne('select exists (...', Array, true)
#14 C:\\Users\\sharl\\repos\\pt_customerManagement_EC\\a\\vendor\\laravel\\framework\\src\\Illuminate\\Database\\Schema\\Builder.php(174): Illuminate\\Database\\Connection->scalar('select exists (...')
#15 C:\\Users\\sharl\\repos\\pt_customerManagement_EC\\a\\vendor\\laravel\\framework\\src\\Illuminate\\Database\\Migrations\\DatabaseMigrationRepository.php(185): Illuminate\\Database\\Schema\\Builder->hasTable('migrations')
#16 C:\\Users\\sharl\\repos\\pt_customerManagement_EC\\a\\vendor\\laravel\\framework\\src\\Illuminate\\Database\\Migrations\\Migrator.php(749): Illuminate\\Database\\Migrations\\DatabaseMigrationRepository->repositoryExists()
#17 C:\\Users\\sharl\\repos\\pt_customerManagement_EC\\a\\vendor\\laravel\\framework\\src\\Illuminate\\Database\\Console\\Migrations\\MigrateCommand.php(164): Illuminate\\Database\\Migrations\\Migrator->repositoryExists()
#18 C:\\Users\\sharl\\repos\\pt_customerManagement_EC\\a\\vendor\\laravel\\framework\\src\\Illuminate\\Support\\helpers.php(338): Illuminate\\Database\\Console\\Migrations\\MigrateCommand->Illuminate\\Database\\Console\\Migrations\\{closure}(1)
#19 C:\\Users\\sharl\\repos\\pt_customerManagement_EC\\a\\vendor\\laravel\\framework\\src\\Illuminate\\Database\\Console\\Migrations\\MigrateCommand.php(164): retry(1, Object(Closure), 0, Object(Closure))
#20 C:\\Users\\sharl\\repos\\pt_customerManagement_EC\\a\\vendor\\laravel\\framework\\src\\Illuminate\\Database\\Console\\Migrations\\MigrateCommand.php(140): Illuminate\\Database\\Console\\Migrations\\MigrateCommand->repositoryExists()
#21 C:\\Users\\sharl\\repos\\pt_customerManagement_EC\\a\\vendor\\laravel\\framework\\src\\Illuminate\\Database\\Console\\Migrations\\MigrateCommand.php(110): Illuminate\\Database\\Console\\Migrations\\MigrateCommand->prepareDatabase()
#22 C:\\Users\\sharl\\repos\\pt_customerManagement_EC\\a\\vendor\\laravel\\framework\\src\\Illuminate\\Database\\Migrations\\Migrator.php(665): Illuminate\\Database\\Console\\Migrations\\MigrateCommand->Illuminate\\Database\\Console\\Migrations\\{closure}()
#23 C:\\Users\\sharl\\repos\\pt_customerManagement_EC\\a\\vendor\\laravel\\framework\\src\\Illuminate\\Database\\Console\\Migrations\\MigrateCommand.php(109): Illuminate\\Database\\Migrations\\Migrator->usingConnection(NULL, Object(Closure))
#24 C:\\Users\\sharl\\repos\\pt_customerManagement_EC\\a\\vendor\\laravel\\framework\\src\\Illuminate\\Database\\Console\\Migrations\\MigrateCommand.php(88): Illuminate\\Database\\Console\\Migrations\\MigrateCommand->runMigrations()
#25 C:\\Users\\sharl\\repos\\pt_customerManagement_EC\\a\\vendor\\laravel\\framework\\src\\Illuminate\\Container\\BoundMethod.php(36): Illuminate\\Database\\Console\\Migrations\\MigrateCommand->handle()
#26 C:\\Users\\sharl\\repos\\pt_customerManagement_EC\\a\\vendor\\laravel\\framework\\src\\Illuminate\\Container\\Util.php(43): Illuminate\\Container\\BoundMethod::Illuminate\\Container\\{closure}()
#27 C:\\Users\\sharl\\repos\\pt_customerManagement_EC\\a\\vendor\\laravel\\framework\\src\\Illuminate\\Container\\BoundMethod.php(96): Illuminate\\Container\\Util::unwrapIfClosure(Object(Closure))
#28 C:\\Users\\sharl\\repos\\pt_customerManagement_EC\\a\\vendor\\laravel\\framework\\src\\Illuminate\\Container\\BoundMethod.php(35): Illuminate\\Container\\BoundMethod::callBoundMethod(Object(Illuminate\\Foundation\\Application), Array, Object(Closure))
#29 C:\\Users\\sharl\\repos\\pt_customerManagement_EC\\a\\vendor\\laravel\\framework\\src\\Illuminate\\Container\\Container.php(754): Illuminate\\Container\\BoundMethod::call(Object(Illuminate\\Foundation\\Application), Array, Array, NULL)
#30 C:\\Users\\sharl\\repos\\pt_customerManagement_EC\\a\\vendor\\laravel\\framework\\src\\Illuminate\\Console\\Command.php(211): Illuminate\\Container\\Container->call(Array)
#31 C:\\Users\\sharl\\repos\\pt_customerManagement_EC\\a\\vendor\\symfony\\console\\Command\\Command.php(318): Illuminate\\Console\\Command->execute(Object(Symfony\\Component\\Console\\Input\\ArgvInput), Object(Illuminate\\Console\\OutputStyle))
#32 C:\\Users\\sharl\\repos\\pt_customerManagement_EC\\a\\vendor\\laravel\\framework\\src\\Illuminate\\Console\\Command.php(180): Symfony\\Component\\Console\\Command\\Command->run(Object(Symfony\\Component\\Console\\Input\\ArgvInput), Object(Illuminate\\Console\\OutputStyle))
#33 C:\\Users\\sharl\\repos\\pt_customerManagement_EC\\a\\vendor\\symfony\\console\\Application.php(1092): Illuminate\\Console\\Command->run(Object(Symfony\\Component\\Console\\Input\\ArgvInput), Object(Symfony\\Component\\Console\\Output\\ConsoleOutput))
#34 C:\\Users\\sharl\\repos\\pt_customerManagement_EC\\a\\vendor\\symfony\\console\\Application.php(341): Symfony\\Component\\Console\\Application->doRunCommand(Object(Illuminate\\Database\\Console\\Migrations\\MigrateCommand), Object(Symfony\\Component\\Console\\Input\\ArgvInput), Object(Symfony\\Component\\Console\\Output\\ConsoleOutput))
#35 C:\\Users\\sharl\\repos\\pt_customerManagement_EC\\a\\vendor\\symfony\\console\\Application.php(192): Symfony\\Component\\Console\\Application->doRun(Object(Symfony\\Component\\Console\\Input\\ArgvInput), Object(Symfony\\Component\\Console\\Output\\ConsoleOutput))
#36 C:\\Users\\sharl\\repos\\pt_customerManagement_EC\\a\\vendor\\laravel\\framework\\src\\Illuminate\\Foundation\\Console\\Kernel.php(197): Symfony\\Component\\Console\\Application->run(Object(Symfony\\Component\\Console\\Input\\ArgvInput), Object(Symfony\\Component\\Console\\Output\\ConsoleOutput))
#37 C:\\Users\\sharl\\repos\\pt_customerManagement_EC\\a\\vendor\\laravel\\framework\\src\\Illuminate\\Foundation\\Application.php(1234): Illuminate\\Foundation\\Console\\Kernel->handle(Object(Symfony\\Component\\Console\\Input\\ArgvInput), Object(Symfony\\Component\\Console\\Output\\ConsoleOutput))
#38 C:\\Users\\sharl\\repos\\pt_customerManagement_EC\\a\\artisan(16): Illuminate\\Foundation\\Application->handleCommand(Object(Symfony\\Component\\Console\\Input\\ArgvInput))
#39 {main}
"} 
[2025-07-19 16:04:13] local.ERROR: SQLSTATE[HY000] [2002] No se puede establecer una conexión ya que el equipo de destino denegó expresamente dicha conexión (Connection: mysql, SQL: select * from `sessions` where `id` = PLC7IWKK68LHPAwMtMYWngnKCJKevtVYLJwn26nu limit 1) {"exception":"[object] (Illuminate\\Database\\QueryException(code: 2002): SQLSTATE[HY000] [2002] No se puede establecer una conexión ya que el equipo de destino denegó expresamente dicha conexión (Connection: mysql, SQL: select * from `sessions` where `id` = PLC7IWKK68LHPAwMtMYWngnKCJKevtVYLJwn26nu limit 1) at C:\\Users\\sharl\\repos\\pt_customerManagement_EC\\vendor\\laravel\\framework\\src\\Illuminate\\Database\\Connection.php:822)
[stacktrace]
#0 C:\\Users\\sharl\\repos\\pt_customerManagement_EC\\vendor\\laravel\\framework\\src\\Illuminate\\Database\\Connection.php(776): Illuminate\\Database\\Connection->runQueryCallback('select * from `...', Array, Object(Closure))
#1 C:\\Users\\sharl\\repos\\pt_customerManagement_EC\\vendor\\laravel\\framework\\src\\Illuminate\\Database\\Connection.php(395): Illuminate\\Database\\Connection->run('select * from `...', Array, Object(Closure))
#2 C:\\Users\\sharl\\repos\\pt_customerManagement_EC\\vendor\\laravel\\framework\\src\\Illuminate\\Database\\Query\\Builder.php(3131): Illuminate\\Database\\Connection->select('select * from `...', Array, false)
#3 C:\\Users\\sharl\\repos\\pt_customerManagement_EC\\vendor\\laravel\\framework\\src\\Illuminate\\Database\\Query\\Builder.php(3116): Illuminate\\Database\\Query\\Builder->runSelect()
#4 C:\\Users\\sharl\\repos\\pt_customerManagement_EC\\vendor\\laravel\\framework\\src\\Illuminate\\Database\\Query\\Builder.php(3706): Illuminate\\Database\\Query\\Builder->Illuminate\\Database\\Query\\{closure}()
#5 C:\\Users\\sharl\\repos\\pt_customerManagement_EC\\vendor\\laravel\\framework\\src\\Illuminate\\Database\\Query\\Builder.php(3115): Illuminate\\Database\\Query\\Builder->onceWithColumns(Array, Object(Closure))
#6 C:\\Users\\sharl\\repos\\pt_customerManagement_EC\\vendor\\laravel\\framework\\src\\Illuminate\\Database\\Concerns\\BuildsQueries.php(366): Illuminate\\Database\\Query\\Builder->get(Array)
#7 C:\\Users\\sharl\\repos\\pt_customerManagement_EC\\vendor\\laravel\\framework\\src\\Illuminate\\Database\\Query\\Builder.php(3038): Illuminate\\Database\\Query\\Builder->first(Array)
#8 C:\\Users\\sharl\\repos\\pt_customerManagement_EC\\vendor\\laravel\\framework\\src\\Illuminate\\Session\\DatabaseSessionHandler.php(96): Illuminate\\Database\\Query\\Builder->find('PLC7IWKK68LHPAw...')
#9 C:\\Users\\sharl\\repos\\pt_customerManagement_EC\\vendor\\laravel\\framework\\src\\Illuminate\\Session\\Store.php(116): Illuminate\\Session\\DatabaseSessionHandler->read('PLC7IWKK68LHPAw...')
#10 C:\\Users\\sharl\\repos\\pt_customerManagement_EC\\vendor\\laravel\\framework\\src\\Illuminate\\Session\\Store.php(104): Illuminate\\Session\\Store->readFromHandler()
#11 C:\\Users\\sharl\\repos\\pt_customerManagement_EC\\vendor\\laravel\\framework\\src\\Illuminate\\Session\\Store.php(88): Illuminate\\Session\\Store->loadSession()
#12 C:\\Users\\sharl\\repos\\pt_customerManagement_EC\\vendor\\laravel\\framework\\src\\Illuminate\\Session\\Middleware\\StartSession.php(146): Illuminate\\Session\\Store->start()
#13 C:\\Users\\sharl\\repos\\pt_customerManagement_EC\\vendor\\laravel\\framework\\src\\Illuminate\\Support\\helpers.php(399): Illuminate\\Session\\Middleware\\StartSession->Illuminate\\Session\\Middleware\\{closure}(Object(Illuminate\\Session\\Store))
#14 C:\\Users\\sharl\\repos\\pt_customerManagement_EC\\vendor\\laravel\\framework\\src\\Illuminate\\Session\\Middleware\\StartSession.php(143): tap(Object(Illuminate\\Session\\Store), Object(Closure))
#15 C:\\Users\\sharl\\repos\\pt_customerManagement_EC\\vendor\\laravel\\framework\\src\\Illuminate\\Session\\Middleware\\StartSession.php(115): Illuminate\\Session\\Middleware\\StartSession->startSession(Object(Illuminate\\Http\\Request), Object(Illuminate\\Session\\Store))
#16 C:\\Users\\sharl\\repos\\pt_customerManagement_EC\\vendor\\laravel\\framework\\src\\Illuminate\\Session\\Middleware\\StartSession.php(63): Illuminate\\Session\\Middleware\\StartSession->handleStatefulRequest(Object(Illuminate\\Http\\Request), Object(Illuminate\\Session\\Store), Object(Closure))
#17 C:\\Users\\sharl\\repos\\pt_customerManagement_EC\\vendor\\laravel\\framework\\src\\Illuminate\\Pipeline\\Pipeline.php(208): Illuminate\\Session\\Middleware\\StartSession->handle(Object(Illuminate\\Http\\Request), Object(Closure))
#18 C:\\Users\\sharl\\repos\\pt_customerManagement_EC\\vendor\\laravel\\framework\\src\\Illuminate\\Cookie\\Middleware\\AddQueuedCookiesToResponse.php(36): Illuminate\\Pipeline\\Pipeline->Illuminate\\Pipeline\\{closure}(Object(Illuminate\\Http\\Request))
#19 C:\\Users\\sharl\\repos\\pt_customerManagement_EC\\vendor\\laravel\\framework\\src\\Illuminate\\Pipeline\\Pipeline.php(208): Illuminate\\Cookie\\Middleware\\AddQueuedCookiesToResponse->handle(Object(Illuminate\\Http\\Request), Object(Closure))
#20 C:\\Users\\sharl\\repos\\pt_customerManagement_EC\\vendor\\laravel\\framework\\src\\Illuminate\\Cookie\\Middleware\\EncryptCookies.php(74): Illuminate\\Pipeline\\Pipeline->Illuminate\\Pipeline\\{closure}(Object(Illuminate\\Http\\Request))
#21 C:\\Users\\sharl\\repos\\pt_customerManagement_EC\\vendor\\laravel\\framework\\src\\Illuminate\\Pipeline\\Pipeline.php(208): Illuminate\\Cookie\\Middleware\\EncryptCookies->handle(Object(Illuminate\\Http\\Request), Object(Closure))
#22 C:\\Users\\sharl\\repos\\pt_customerManagement_EC\\vendor\\laravel\\framework\\src\\Illuminate\\Pipeline\\Pipeline.php(126): Illuminate\\Pipeline\\Pipeline->Illuminate\\Pipeline\\{closure}(Object(Illuminate\\Http\\Request))
#23 C:\\Users\\sharl\\repos\\pt_customerManagement_EC\\vendor\\laravel\\framework\\src\\Illuminate\\Routing\\Router.php(807): Illuminate\\Pipeline\\Pipeline->then(Object(Closure))
#24 C:\\Users\\sharl\\repos\\pt_customerManagement_EC\\vendor\\laravel\\framework\\src\\Illuminate\\Routing\\Router.php(786): Illuminate\\Routing\\Router->runRouteWithinStack(Object(Illuminate\\Routing\\Route), Object(Illuminate\\Http\\Request))
#25 C:\\Users\\sharl\\repos\\pt_customerManagement_EC\\vendor\\laravel\\framework\\src\\Illuminate\\Routing\\Router.php(750): Illuminate\\Routing\\Router->runRoute(Object(Illuminate\\Http\\Request), Object(Illuminate\\Routing\\Route))
#26 C:\\Users\\sharl\\repos\\pt_customerManagement_EC\\vendor\\laravel\\framework\\src\\Illuminate\\Routing\\Router.php(739): Illuminate\\Routing\\Router->dispatchToRoute(Object(Illuminate\\Http\\Request))
#27 C:\\Users\\sharl\\repos\\pt_customerManagement_EC\\vendor\\laravel\\framework\\src\\Illuminate\\Foundation\\Http\\Kernel.php(200): Illuminate\\Routing\\Router->dispatch(Object(Illuminate\\Http\\Request))
#28 C:\\Users\\sharl\\repos\\pt_customerManagement_EC\\vendor\\laravel\\framework\\src\\Illuminate\\Pipeline\\Pipeline.php(169): Illuminate\\Foundation\\Http\\Kernel->Illuminate\\Foundation\\Http\\{closure}(Object(Illuminate\\Http\\Request))
#29 C:\\Users\\sharl\\repos\\pt_customerManagement_EC\\vendor\\laravel\\framework\\src\\Illuminate\\Foundation\\Http\\Middleware\\TransformsRequest.php(21): Illuminate\\Pipeline\\Pipeline->Illuminate\\Pipeline\\{closure}(Object(Illuminate\\Http\\Request))
#30 C:\\Users\\sharl\\repos\\pt_customerManagement_EC\\vendor\\laravel\\framework\\src\\Illuminate\\Foundation\\Http\\Middleware\\ConvertEmptyStringsToNull.php(31): Illuminate\\Foundation\\Http\\Middleware\\TransformsRequest->handle(Object(Illuminate\\Http\\Request), Object(Closure))
#31 C:\\Users\\sharl\\repos\\pt_customerManagement_EC\\vendor\\laravel\\framework\\src\\Illuminate\\Pipeline\\Pipeline.php(208): Illuminate\\Foundation\\Http\\Middleware\\ConvertEmptyStringsToNull->handle(Object(Illuminate\\Http\\Request), Object(Closure))
#32 C:\\Users\\sharl\\repos\\pt_customerManagement_EC\\vendor\\laravel\\framework\\src\\Illuminate\\Foundation\\Http\\Middleware\\TransformsRequest.php(21): Illuminate\\Pipeline\\Pipeline->Illuminate\\Pipeline\\{closure}(Object(Illuminate\\Http\\Request))
#33 C:\\Users\\sharl\\repos\\pt_customerManagement_EC\\vendor\\laravel\\framework\\src\\Illuminate\\Foundation\\Http\\Middleware\\TrimStrings.php(51): Illuminate\\Foundation\\Http\\Middleware\\TransformsRequest->handle(Object(Illuminate\\Http\\Request), Object(Closure))
#34 C:\\Users\\sharl\\repos\\pt_customerManagement_EC\\vendor\\laravel\\framework\\src\\Illuminate\\Pipeline\\Pipeline.php(208): Illuminate\\Foundation\\Http\\Middleware\\TrimStrings->handle(Object(Illuminate\\Http\\Request), Object(Closure))
#35 C:\\Users\\sharl\\repos\\pt_customerManagement_EC\\vendor\\laravel\\framework\\src\\Illuminate\\Http\\Middleware\\ValidatePostSize.php(27): Illuminate\\Pipeline\\Pipeline->Illuminate\\Pipeline\\{closure}(Object(Illuminate\\Http\\Request))
#36 C:\\Users\\sharl\\repos\\pt_customerManagement_EC\\vendor\\laravel\\framework\\src\\Illuminate\\Pipeline\\Pipeline.php(208): Illuminate\\Http\\Middleware\\ValidatePostSize->handle(Object(Illuminate\\Http\\Request), Object(Closure))
#37 C:\\Users\\sharl\\repos\\pt_customerManagement_EC\\vendor\\laravel\\framework\\src\\Illuminate\\Foundation\\Http\\Middleware\\PreventRequestsDuringMaintenance.php(109): Illuminate\\Pipeline\\Pipeline->Illuminate\\Pipeline\\{closure}(Object(Illuminate\\Http\\Request))
#38 C:\\Users\\sharl\\repos\\pt_customerManagement_EC\\vendor\\laravel\\framework\\src\\Illuminate\\Pipeline\\Pipeline.php(208): Illuminate\\Foundation\\Http\\Middleware\\PreventRequestsDuringMaintenance->handle(Object(Illuminate\\Http\\Request), Object(Closure))
#39 C:\\Users\\sharl\\repos\\pt_customerManagement_EC\\vendor\\laravel\\framework\\src\\Illuminate\\Http\\Middleware\\HandleCors.php(48): Illuminate\\Pipeline\\Pipeline->Illuminate\\Pipeline\\{closure}(Object(Illuminate\\Http\\Request))
#40 C:\\Users\\sharl\\repos\\pt_customerManagement_EC\\vendor\\laravel\\framework\\src\\Illuminate\\Pipeline\\Pipeline.php(208): Illuminate\\Http\\Middleware\\HandleCors->handle(Object(Illuminate\\Http\\Request), Object(Closure))
#41 C:\\Users\\sharl\\repos\\pt_customerManagement_EC\\vendor\\laravel\\framework\\src\\Illuminate\\Http\\Middleware\\TrustProxies.php(58): Illuminate\\Pipeline\\Pipeline->Illuminate\\Pipeline\\{closure}(Object(Illuminate\\Http\\Request))
#42 C:\\Users\\sharl\\repos\\pt_customerManagement_EC\\vendor\\laravel\\framework\\src\\Illuminate\\Pipeline\\Pipeline.php(208): Illuminate\\Http\\Middleware\\TrustProxies->handle(Object(Illuminate\\Http\\Request), Object(Closure))
#43 C:\\Users\\sharl\\repos\\pt_customerManagement_EC\\vendor\\laravel\\framework\\src\\Illuminate\\Foundation\\Http\\Middleware\\InvokeDeferredCallbacks.php(22): Illuminate\\Pipeline\\Pipeline->Illuminate\\Pipeline\\{closure}(Object(Illuminate\\Http\\Request))
#44 C:\\Users\\sharl\\repos\\pt_customerManagement_EC\\vendor\\laravel\\framework\\src\\Illuminate\\Pipeline\\Pipeline.php(208): Illuminate\\Foundation\\Http\\Middleware\\InvokeDeferredCallbacks->handle(Object(Illuminate\\Http\\Request), Object(Closure))
#45 C:\\Users\\sharl\\repos\\pt_customerManagement_EC\\vendor\\laravel\\framework\\src\\Illuminate\\Http\\Middleware\\ValidatePathEncoding.php(26): Illuminate\\Pipeline\\Pipeline->Illuminate\\Pipeline\\{closure}(Object(Illuminate\\Http\\Request))
#46 C:\\Users\\sharl\\repos\\pt_customerManagement_EC\\vendor\\laravel\\framework\\src\\Illuminate\\Pipeline\\Pipeline.php(208): Illuminate\\Http\\Middleware\\ValidatePathEncoding->handle(Object(Illuminate\\Http\\Request), Object(Closure))
#47 C:\\Users\\sharl\\repos\\pt_customerManagement_EC\\vendor\\laravel\\framework\\src\\Illuminate\\Pipeline\\Pipeline.php(126): Illuminate\\Pipeline\\Pipeline->Illuminate\\Pipeline\\{closure}(Object(Illuminate\\Http\\Request))
#48 C:\\Users\\sharl\\repos\\pt_customerManagement_EC\\vendor\\laravel\\framework\\src\\Illuminate\\Foundation\\Http\\Kernel.php(175): Illuminate\\Pipeline\\Pipeline->then(Object(Closure))
#49 C:\\Users\\sharl\\repos\\pt_customerManagement_EC\\vendor\\laravel\\framework\\src\\Illuminate\\Foundation\\Http\\Kernel.php(144): Illuminate\\Foundation\\Http\\Kernel->sendRequestThroughRouter(Object(Illuminate\\Http\\Request))
#50 C:\\Users\\sharl\\repos\\pt_customerManagement_EC\\vendor\\laravel\\framework\\src\\Illuminate\\Foundation\\Application.php(1219): Illuminate\\Foundation\\Http\\Kernel->handle(Object(Illuminate\\Http\\Request))
#51 C:\\Users\\sharl\\repos\\pt_customerManagement_EC\\public\\index.php(20): Illuminate\\Foundation\\Application->handleRequest(Object(Illuminate\\Http\\Request))
#52 C:\\Users\\sharl\\repos\\pt_customerManagement_EC\\vendor\\laravel\\framework\\src\\Illuminate\\Foundation\\resources\\server.php(23): require_once('C:\\\\Users\\\\sharl\\\\...')
#53 {main}

[previous exception] [object] (PDOException(code: 2002): SQLSTATE[HY000] [2002] No se puede establecer una conexión ya que el equipo de destino denegó expresamente dicha conexión at C:\\Users\\sharl\\repos\\pt_customerManagement_EC\\vendor\\laravel\\framework\\src\\Illuminate\\Database\\Connectors\\Connector.php:66)
[stacktrace]
#0 C:\\Users\\sharl\\repos\\pt_customerManagement_EC\\vendor\\laravel\\framework\\src\\Illuminate\\Database\\Connectors\\Connector.php(66): PDO->__construct('mysql:host=127....', 'root', Object(SensitiveParameterValue), Array)
#1 C:\\Users\\sharl\\repos\\pt_customerManagement_EC\\vendor\\laravel\\framework\\src\\Illuminate\\Database\\Connectors\\Connector.php(44): Illuminate\\Database\\Connectors\\Connector->createPdoConnection('mysql:host=127....', 'root', Object(SensitiveParameterValue), Array)
#2 C:\\Users\\sharl\\repos\\pt_customerManagement_EC\\vendor\\laravel\\framework\\src\\Illuminate\\Database\\Connectors\\MySqlConnector.php(24): Illuminate\\Database\\Connectors\\Connector->createConnection('mysql:host=127....', Array, Array)
#3 C:\\Users\\sharl\\repos\\pt_customerManagement_EC\\vendor\\laravel\\framework\\src\\Illuminate\\Database\\Connectors\\ConnectionFactory.php(184): Illuminate\\Database\\Connectors\\MySqlConnector->connect(Array)
#4 [internal function]: Illuminate\\Database\\Connectors\\ConnectionFactory->Illuminate\\Database\\Connectors\\{closure}()
#5 C:\\Users\\sharl\\repos\\pt_customerManagement_EC\\vendor\\laravel\\framework\\src\\Illuminate\\Database\\Connection.php(1228): call_user_func(Object(Closure))
#6 C:\\Users\\sharl\\repos\\pt_customerManagement_EC\\vendor\\laravel\\framework\\src\\Illuminate\\Database\\Connection.php(509): Illuminate\\Database\\Connection->getPdo()
#7 C:\\Users\\sharl\\repos\\pt_customerManagement_EC\\vendor\\laravel\\framework\\src\\Illuminate\\Database\\Connection.php(404): Illuminate\\Database\\Connection->getPdoForSelect(false)
#8 C:\\Users\\sharl\\repos\\pt_customerManagement_EC\\vendor\\laravel\\framework\\src\\Illuminate\\Database\\Connection.php(809): Illuminate\\Database\\Connection->Illuminate\\Database\\{closure}('select * from `...', Array)
#9 C:\\Users\\sharl\\repos\\pt_customerManagement_EC\\vendor\\laravel\\framework\\src\\Illuminate\\Database\\Connection.php(776): Illuminate\\Database\\Connection->runQueryCallback('select * from `...', Array, Object(Closure))
#10 C:\\Users\\sharl\\repos\\pt_customerManagement_EC\\vendor\\laravel\\framework\\src\\Illuminate\\Database\\Connection.php(395): Illuminate\\Database\\Connection->run('select * from `...', Array, Object(Closure))
#11 C:\\Users\\sharl\\repos\\pt_customerManagement_EC\\vendor\\laravel\\framework\\src\\Illuminate\\Database\\Query\\Builder.php(3131): Illuminate\\Database\\Connection->select('select * from `...', Array, false)
#12 C:\\Users\\sharl\\repos\\pt_customerManagement_EC\\vendor\\laravel\\framework\\src\\Illuminate\\Database\\Query\\Builder.php(3116): Illuminate\\Database\\Query\\Builder->runSelect()
#13 C:\\Users\\sharl\\repos\\pt_customerManagement_EC\\vendor\\laravel\\framework\\src\\Illuminate\\Database\\Query\\Builder.php(3706): Illuminate\\Database\\Query\\Builder->Illuminate\\Database\\Query\\{closure}()
#14 C:\\Users\\sharl\\repos\\pt_customerManagement_EC\\vendor\\laravel\\framework\\src\\Illuminate\\Database\\Query\\Builder.php(3115): Illuminate\\Database\\Query\\Builder->onceWithColumns(Array, Object(Closure))
#15 C:\\Users\\sharl\\repos\\pt_customerManagement_EC\\vendor\\laravel\\framework\\src\\Illuminate\\Database\\Concerns\\BuildsQueries.php(366): Illuminate\\Database\\Query\\Builder->get(Array)
#16 C:\\Users\\sharl\\repos\\pt_customerManagement_EC\\vendor\\laravel\\framework\\src\\Illuminate\\Database\\Query\\Builder.php(3038): Illuminate\\Database\\Query\\Builder->first(Array)
#17 C:\\Users\\sharl\\repos\\pt_customerManagement_EC\\vendor\\laravel\\framework\\src\\Illuminate\\Session\\DatabaseSessionHandler.php(96): Illuminate\\Database\\Query\\Builder->find('PLC7IWKK68LHPAw...')
#18 C:\\Users\\sharl\\repos\\pt_customerManagement_EC\\vendor\\laravel\\framework\\src\\Illuminate\\Session\\Store.php(116): Illuminate\\Session\\DatabaseSessionHandler->read('PLC7IWKK68LHPAw...')
#19 C:\\Users\\sharl\\repos\\pt_customerManagement_EC\\vendor\\laravel\\framework\\src\\Illuminate\\Session\\Store.php(104): Illuminate\\Session\\Store->readFromHandler()
#20 C:\\Users\\sharl\\repos\\pt_customerManagement_EC\\vendor\\laravel\\framework\\src\\Illuminate\\Session\\Store.php(88): Illuminate\\Session\\Store->loadSession()
#21 C:\\Users\\sharl\\repos\\pt_customerManagement_EC\\vendor\\laravel\\framework\\src\\Illuminate\\Session\\Middleware\\StartSession.php(146): Illuminate\\Session\\Store->start()
#22 C:\\Users\\sharl\\repos\\pt_customerManagement_EC\\vendor\\laravel\\framework\\src\\Illuminate\\Support\\helpers.php(399): Illuminate\\Session\\Middleware\\StartSession->Illuminate\\Session\\Middleware\\{closure}(Object(Illuminate\\Session\\Store))
#23 C:\\Users\\sharl\\repos\\pt_customerManagement_EC\\vendor\\laravel\\framework\\src\\Illuminate\\Session\\Middleware\\StartSession.php(143): tap(Object(Illuminate\\Session\\Store), Object(Closure))
#24 C:\\Users\\sharl\\repos\\pt_customerManagement_EC\\vendor\\laravel\\framework\\src\\Illuminate\\Session\\Middleware\\StartSession.php(115): Illuminate\\Session\\Middleware\\StartSession->startSession(Object(Illuminate\\Http\\Request), Object(Illuminate\\Session\\Store))
#25 C:\\Users\\sharl\\repos\\pt_customerManagement_EC\\vendor\\laravel\\framework\\src\\Illuminate\\Session\\Middleware\\StartSession.php(63): Illuminate\\Session\\Middleware\\StartSession->handleStatefulRequest(Object(Illuminate\\Http\\Request), Object(Illuminate\\Session\\Store), Object(Closure))
#26 C:\\Users\\sharl\\repos\\pt_customerManagement_EC\\vendor\\laravel\\framework\\src\\Illuminate\\Pipeline\\Pipeline.php(208): Illuminate\\Session\\Middleware\\StartSession->handle(Object(Illuminate\\Http\\Request), Object(Closure))
#27 C:\\Users\\sharl\\repos\\pt_customerManagement_EC\\vendor\\laravel\\framework\\src\\Illuminate\\Cookie\\Middleware\\AddQueuedCookiesToResponse.php(36): Illuminate\\Pipeline\\Pipeline->Illuminate\\Pipeline\\{closure}(Object(Illuminate\\Http\\Request))
#28 C:\\Users\\sharl\\repos\\pt_customerManagement_EC\\vendor\\laravel\\framework\\src\\Illuminate\\Pipeline\\Pipeline.php(208): Illuminate\\Cookie\\Middleware\\AddQueuedCookiesToResponse->handle(Object(Illuminate\\Http\\Request), Object(Closure))
#29 C:\\Users\\sharl\\repos\\pt_customerManagement_EC\\vendor\\laravel\\framework\\src\\Illuminate\\Cookie\\Middleware\\EncryptCookies.php(74): Illuminate\\Pipeline\\Pipeline->Illuminate\\Pipeline\\{closure}(Object(Illuminate\\Http\\Request))
#30 C:\\Users\\sharl\\repos\\pt_customerManagement_EC\\vendor\\laravel\\framework\\src\\Illuminate\\Pipeline\\Pipeline.php(208): Illuminate\\Cookie\\Middleware\\EncryptCookies->handle(Object(Illuminate\\Http\\Request), Object(Closure))
#31 C:\\Users\\sharl\\repos\\pt_customerManagement_EC\\vendor\\laravel\\framework\\src\\Illuminate\\Pipeline\\Pipeline.php(126): Illuminate\\Pipeline\\Pipeline->Illuminate\\Pipeline\\{closure}(Object(Illuminate\\Http\\Request))
#32 C:\\Users\\sharl\\repos\\pt_customerManagement_EC\\vendor\\laravel\\framework\\src\\Illuminate\\Routing\\Router.php(807): Illuminate\\Pipeline\\Pipeline->then(Object(Closure))
#33 C:\\Users\\sharl\\repos\\pt_customerManagement_EC\\vendor\\laravel\\framework\\src\\Illuminate\\Routing\\Router.php(786): Illuminate\\Routing\\Router->runRouteWithinStack(Object(Illuminate\\Routing\\Route), Object(Illuminate\\Http\\Request))
#34 C:\\Users\\sharl\\repos\\pt_customerManagement_EC\\vendor\\laravel\\framework\\src\\Illuminate\\Routing\\Router.php(750): Illuminate\\Routing\\Router->runRoute(Object(Illuminate\\Http\\Request), Object(Illuminate\\Routing\\Route))
#35 C:\\Users\\sharl\\repos\\pt_customerManagement_EC\\vendor\\laravel\\framework\\src\\Illuminate\\Routing\\Router.php(739): Illuminate\\Routing\\Router->dispatchToRoute(Object(Illuminate\\Http\\Request))
#36 C:\\Users\\sharl\\repos\\pt_customerManagement_EC\\vendor\\laravel\\framework\\src\\Illuminate\\Foundation\\Http\\Kernel.php(200): Illuminate\\Routing\\Router->dispatch(Object(Illuminate\\Http\\Request))
#37 C:\\Users\\sharl\\repos\\pt_customerManagement_EC\\vendor\\laravel\\framework\\src\\Illuminate\\Pipeline\\Pipeline.php(169): Illuminate\\Foundation\\Http\\Kernel->Illuminate\\Foundation\\Http\\{closure}(Object(Illuminate\\Http\\Request))
#38 C:\\Users\\sharl\\repos\\pt_customerManagement_EC\\vendor\\laravel\\framework\\src\\Illuminate\\Foundation\\Http\\Middleware\\TransformsRequest.php(21): Illuminate\\Pipeline\\Pipeline->Illuminate\\Pipeline\\{closure}(Object(Illuminate\\Http\\Request))
#39 C:\\Users\\sharl\\repos\\pt_customerManagement_EC\\vendor\\laravel\\framework\\src\\Illuminate\\Foundation\\Http\\Middleware\\ConvertEmptyStringsToNull.php(31): Illuminate\\Foundation\\Http\\Middleware\\TransformsRequest->handle(Object(Illuminate\\Http\\Request), Object(Closure))
#40 C:\\Users\\sharl\\repos\\pt_customerManagement_EC\\vendor\\laravel\\framework\\src\\Illuminate\\Pipeline\\Pipeline.php(208): Illuminate\\Foundation\\Http\\Middleware\\ConvertEmptyStringsToNull->handle(Object(Illuminate\\Http\\Request), Object(Closure))
#41 C:\\Users\\sharl\\repos\\pt_customerManagement_EC\\vendor\\laravel\\framework\\src\\Illuminate\\Foundation\\Http\\Middleware\\TransformsRequest.php(21): Illuminate\\Pipeline\\Pipeline->Illuminate\\Pipeline\\{closure}(Object(Illuminate\\Http\\Request))
#42 C:\\Users\\sharl\\repos\\pt_customerManagement_EC\\vendor\\laravel\\framework\\src\\Illuminate\\Foundation\\Http\\Middleware\\TrimStrings.php(51): Illuminate\\Foundation\\Http\\Middleware\\TransformsRequest->handle(Object(Illuminate\\Http\\Request), Object(Closure))
#43 C:\\Users\\sharl\\repos\\pt_customerManagement_EC\\vendor\\laravel\\framework\\src\\Illuminate\\Pipeline\\Pipeline.php(208): Illuminate\\Foundation\\Http\\Middleware\\TrimStrings->handle(Object(Illuminate\\Http\\Request), Object(Closure))
#44 C:\\Users\\sharl\\repos\\pt_customerManagement_EC\\vendor\\laravel\\framework\\src\\Illuminate\\Http\\Middleware\\ValidatePostSize.php(27): Illuminate\\Pipeline\\Pipeline->Illuminate\\Pipeline\\{closure}(Object(Illuminate\\Http\\Request))
#45 C:\\Users\\sharl\\repos\\pt_customerManagement_EC\\vendor\\laravel\\framework\\src\\Illuminate\\Pipeline\\Pipeline.php(208): Illuminate\\Http\\Middleware\\ValidatePostSize->handle(Object(Illuminate\\Http\\Request), Object(Closure))
#46 C:\\Users\\sharl\\repos\\pt_customerManagement_EC\\vendor\\laravel\\framework\\src\\Illuminate\\Foundation\\Http\\Middleware\\PreventRequestsDuringMaintenance.php(109): Illuminate\\Pipeline\\Pipeline->Illuminate\\Pipeline\\{closure}(Object(Illuminate\\Http\\Request))
#47 C:\\Users\\sharl\\repos\\pt_customerManagement_EC\\vendor\\laravel\\framework\\src\\Illuminate\\Pipeline\\Pipeline.php(208): Illuminate\\Foundation\\Http\\Middleware\\PreventRequestsDuringMaintenance->handle(Object(Illuminate\\Http\\Request), Object(Closure))
#48 C:\\Users\\sharl\\repos\\pt_customerManagement_EC\\vendor\\laravel\\framework\\src\\Illuminate\\Http\\Middleware\\HandleCors.php(48): Illuminate\\Pipeline\\Pipeline->Illuminate\\Pipeline\\{closure}(Object(Illuminate\\Http\\Request))
#49 C:\\Users\\sharl\\repos\\pt_customerManagement_EC\\vendor\\laravel\\framework\\src\\Illuminate\\Pipeline\\Pipeline.php(208): Illuminate\\Http\\Middleware\\HandleCors->handle(Object(Illuminate\\Http\\Request), Object(Closure))
#50 C:\\Users\\sharl\\repos\\pt_customerManagement_EC\\vendor\\laravel\\framework\\src\\Illuminate\\Http\\Middleware\\TrustProxies.php(58): Illuminate\\Pipeline\\Pipeline->Illuminate\\Pipeline\\{closure}(Object(Illuminate\\Http\\Request))
#51 C:\\Users\\sharl\\repos\\pt_customerManagement_EC\\vendor\\laravel\\framework\\src\\Illuminate\\Pipeline\\Pipeline.php(208): Illuminate\\Http\\Middleware\\TrustProxies->handle(Object(Illuminate\\Http\\Request), Object(Closure))
#52 C:\\Users\\sharl\\repos\\pt_customerManagement_EC\\vendor\\laravel\\framework\\src\\Illuminate\\Foundation\\Http\\Middleware\\InvokeDeferredCallbacks.php(22): Illuminate\\Pipeline\\Pipeline->Illuminate\\Pipeline\\{closure}(Object(Illuminate\\Http\\Request))
#53 C:\\Users\\sharl\\repos\\pt_customerManagement_EC\\vendor\\laravel\\framework\\src\\Illuminate\\Pipeline\\Pipeline.php(208): Illuminate\\Foundation\\Http\\Middleware\\InvokeDeferredCallbacks->handle(Object(Illuminate\\Http\\Request), Object(Closure))
#54 C:\\Users\\sharl\\repos\\pt_customerManagement_EC\\vendor\\laravel\\framework\\src\\Illuminate\\Http\\Middleware\\ValidatePathEncoding.php(26): Illuminate\\Pipeline\\Pipeline->Illuminate\\Pipeline\\{closure}(Object(Illuminate\\Http\\Request))
#55 C:\\Users\\sharl\\repos\\pt_customerManagement_EC\\vendor\\laravel\\framework\\src\\Illuminate\\Pipeline\\Pipeline.php(208): Illuminate\\Http\\Middleware\\ValidatePathEncoding->handle(Object(Illuminate\\Http\\Request), Object(Closure))
#56 C:\\Users\\sharl\\repos\\pt_customerManagement_EC\\vendor\\laravel\\framework\\src\\Illuminate\\Pipeline\\Pipeline.php(126): Illuminate\\Pipeline\\Pipeline->Illuminate\\Pipeline\\{closure}(Object(Illuminate\\Http\\Request))
#57 C:\\Users\\sharl\\repos\\pt_customerManagement_EC\\vendor\\laravel\\framework\\src\\Illuminate\\Foundation\\Http\\Kernel.php(175): Illuminate\\Pipeline\\Pipeline->then(Object(Closure))
#58 C:\\Users\\sharl\\repos\\pt_customerManagement_EC\\vendor\\laravel\\framework\\src\\Illuminate\\Foundation\\Http\\Kernel.php(144): Illuminate\\Foundation\\Http\\Kernel->sendRequestThroughRouter(Object(Illuminate\\Http\\Request))
#59 C:\\Users\\sharl\\repos\\pt_customerManagement_EC\\vendor\\laravel\\framework\\src\\Illuminate\\Foundation\\Application.php(1219): Illuminate\\Foundation\\Http\\Kernel->handle(Object(Illuminate\\Http\\Request))
#60 C:\\Users\\sharl\\repos\\pt_customerManagement_EC\\public\\index.php(20): Illuminate\\Foundation\\Application->handleRequest(Object(Illuminate\\Http\\Request))
#61 C:\\Users\\sharl\\repos\\pt_customerManagement_EC\\vendor\\laravel\\framework\\src\\Illuminate\\Foundation\\resources\\server.php(23): require_once('C:\\\\Users\\\\sharl\\\\...')
#62 {main}
"} 
[2025-07-19 16:04:25] local.ERROR: SQLSTATE[HY000] [1049] Unknown database 'a' (Connection: mysql, SQL: select * from `sessions` where `id` = iFAFF0K2pym5zzOUUre3cYQ2qYKGh5piLUyRI82M limit 1) {"exception":"[object] (Illuminate\\Database\\QueryException(code: 1049): SQLSTATE[HY000] [1049] Unknown database 'a' (Connection: mysql, SQL: select * from `sessions` where `id` = iFAFF0K2pym5zzOUUre3cYQ2qYKGh5piLUyRI82M limit 1) at C:\\Users\\sharl\\repos\\pt_customerManagement_EC\\vendor\\laravel\\framework\\src\\Illuminate\\Database\\Connection.php:822)
[stacktrace]
#0 C:\\Users\\sharl\\repos\\pt_customerManagement_EC\\vendor\\laravel\\framework\\src\\Illuminate\\Database\\Connection.php(776): Illuminate\\Database\\Connection->runQueryCallback('select * from `...', Array, Object(Closure))
#1 C:\\Users\\sharl\\repos\\pt_customerManagement_EC\\vendor\\laravel\\framework\\src\\Illuminate\\Database\\Connection.php(395): Illuminate\\Database\\Connection->run('select * from `...', Array, Object(Closure))
#2 C:\\Users\\sharl\\repos\\pt_customerManagement_EC\\vendor\\laravel\\framework\\src\\Illuminate\\Database\\Query\\Builder.php(3131): Illuminate\\Database\\Connection->select('select * from `...', Array, false)
#3 C:\\Users\\sharl\\repos\\pt_customerManagement_EC\\vendor\\laravel\\framework\\src\\Illuminate\\Database\\Query\\Builder.php(3116): Illuminate\\Database\\Query\\Builder->runSelect()
#4 C:\\Users\\sharl\\repos\\pt_customerManagement_EC\\vendor\\laravel\\framework\\src\\Illuminate\\Database\\Query\\Builder.php(3706): Illuminate\\Database\\Query\\Builder->Illuminate\\Database\\Query\\{closure}()
#5 C:\\Users\\sharl\\repos\\pt_customerManagement_EC\\vendor\\laravel\\framework\\src\\Illuminate\\Database\\Query\\Builder.php(3115): Illuminate\\Database\\Query\\Builder->onceWithColumns(Array, Object(Closure))
#6 C:\\Users\\sharl\\repos\\pt_customerManagement_EC\\vendor\\laravel\\framework\\src\\Illuminate\\Database\\Concerns\\BuildsQueries.php(366): Illuminate\\Database\\Query\\Builder->get(Array)
#7 C:\\Users\\sharl\\repos\\pt_customerManagement_EC\\vendor\\laravel\\framework\\src\\Illuminate\\Database\\Query\\Builder.php(3038): Illuminate\\Database\\Query\\Builder->first(Array)
#8 C:\\Users\\sharl\\repos\\pt_customerManagement_EC\\vendor\\laravel\\framework\\src\\Illuminate\\Session\\DatabaseSessionHandler.php(96): Illuminate\\Database\\Query\\Builder->find('iFAFF0K2pym5zzO...')
#9 C:\\Users\\sharl\\repos\\pt_customerManagement_EC\\vendor\\laravel\\framework\\src\\Illuminate\\Session\\Store.php(116): Illuminate\\Session\\DatabaseSessionHandler->read('iFAFF0K2pym5zzO...')
#10 C:\\Users\\sharl\\repos\\pt_customerManagement_EC\\vendor\\laravel\\framework\\src\\Illuminate\\Session\\Store.php(104): Illuminate\\Session\\Store->readFromHandler()
#11 C:\\Users\\sharl\\repos\\pt_customerManagement_EC\\vendor\\laravel\\framework\\src\\Illuminate\\Session\\Store.php(88): Illuminate\\Session\\Store->loadSession()
#12 C:\\Users\\sharl\\repos\\pt_customerManagement_EC\\vendor\\laravel\\framework\\src\\Illuminate\\Session\\Middleware\\StartSession.php(146): Illuminate\\Session\\Store->start()
#13 C:\\Users\\sharl\\repos\\pt_customerManagement_EC\\vendor\\laravel\\framework\\src\\Illuminate\\Support\\helpers.php(399): Illuminate\\Session\\Middleware\\StartSession->Illuminate\\Session\\Middleware\\{closure}(Object(Illuminate\\Session\\Store))
#14 C:\\Users\\sharl\\repos\\pt_customerManagement_EC\\vendor\\laravel\\framework\\src\\Illuminate\\Session\\Middleware\\StartSession.php(143): tap(Object(Illuminate\\Session\\Store), Object(Closure))
#15 C:\\Users\\sharl\\repos\\pt_customerManagement_EC\\vendor\\laravel\\framework\\src\\Illuminate\\Session\\Middleware\\StartSession.php(115): Illuminate\\Session\\Middleware\\StartSession->startSession(Object(Illuminate\\Http\\Request), Object(Illuminate\\Session\\Store))
#16 C:\\Users\\sharl\\repos\\pt_customerManagement_EC\\vendor\\laravel\\framework\\src\\Illuminate\\Session\\Middleware\\StartSession.php(63): Illuminate\\Session\\Middleware\\StartSession->handleStatefulRequest(Object(Illuminate\\Http\\Request), Object(Illuminate\\Session\\Store), Object(Closure))
#17 C:\\Users\\sharl\\repos\\pt_customerManagement_EC\\vendor\\laravel\\framework\\src\\Illuminate\\Pipeline\\Pipeline.php(208): Illuminate\\Session\\Middleware\\StartSession->handle(Object(Illuminate\\Http\\Request), Object(Closure))
#18 C:\\Users\\sharl\\repos\\pt_customerManagement_EC\\vendor\\laravel\\framework\\src\\Illuminate\\Cookie\\Middleware\\AddQueuedCookiesToResponse.php(36): Illuminate\\Pipeline\\Pipeline->Illuminate\\Pipeline\\{closure}(Object(Illuminate\\Http\\Request))
#19 C:\\Users\\sharl\\repos\\pt_customerManagement_EC\\vendor\\laravel\\framework\\src\\Illuminate\\Pipeline\\Pipeline.php(208): Illuminate\\Cookie\\Middleware\\AddQueuedCookiesToResponse->handle(Object(Illuminate\\Http\\Request), Object(Closure))
#20 C:\\Users\\sharl\\repos\\pt_customerManagement_EC\\vendor\\laravel\\framework\\src\\Illuminate\\Cookie\\Middleware\\EncryptCookies.php(74): Illuminate\\Pipeline\\Pipeline->Illuminate\\Pipeline\\{closure}(Object(Illuminate\\Http\\Request))
#21 C:\\Users\\sharl\\repos\\pt_customerManagement_EC\\vendor\\laravel\\framework\\src\\Illuminate\\Pipeline\\Pipeline.php(208): Illuminate\\Cookie\\Middleware\\EncryptCookies->handle(Object(Illuminate\\Http\\Request), Object(Closure))
#22 C:\\Users\\sharl\\repos\\pt_customerManagement_EC\\vendor\\laravel\\framework\\src\\Illuminate\\Pipeline\\Pipeline.php(126): Illuminate\\Pipeline\\Pipeline->Illuminate\\Pipeline\\{closure}(Object(Illuminate\\Http\\Request))
#23 C:\\Users\\sharl\\repos\\pt_customerManagement_EC\\vendor\\laravel\\framework\\src\\Illuminate\\Routing\\Router.php(807): Illuminate\\Pipeline\\Pipeline->then(Object(Closure))
#24 C:\\Users\\sharl\\repos\\pt_customerManagement_EC\\vendor\\laravel\\framework\\src\\Illuminate\\Routing\\Router.php(786): Illuminate\\Routing\\Router->runRouteWithinStack(Object(Illuminate\\Routing\\Route), Object(Illuminate\\Http\\Request))
#25 C:\\Users\\sharl\\repos\\pt_customerManagement_EC\\vendor\\laravel\\framework\\src\\Illuminate\\Routing\\Router.php(750): Illuminate\\Routing\\Router->runRoute(Object(Illuminate\\Http\\Request), Object(Illuminate\\Routing\\Route))
#26 C:\\Users\\sharl\\repos\\pt_customerManagement_EC\\vendor\\laravel\\framework\\src\\Illuminate\\Routing\\Router.php(739): Illuminate\\Routing\\Router->dispatchToRoute(Object(Illuminate\\Http\\Request))
#27 C:\\Users\\sharl\\repos\\pt_customerManagement_EC\\vendor\\laravel\\framework\\src\\Illuminate\\Foundation\\Http\\Kernel.php(200): Illuminate\\Routing\\Router->dispatch(Object(Illuminate\\Http\\Request))
#28 C:\\Users\\sharl\\repos\\pt_customerManagement_EC\\vendor\\laravel\\framework\\src\\Illuminate\\Pipeline\\Pipeline.php(169): Illuminate\\Foundation\\Http\\Kernel->Illuminate\\Foundation\\Http\\{closure}(Object(Illuminate\\Http\\Request))
#29 C:\\Users\\sharl\\repos\\pt_customerManagement_EC\\vendor\\laravel\\framework\\src\\Illuminate\\Foundation\\Http\\Middleware\\TransformsRequest.php(21): Illuminate\\Pipeline\\Pipeline->Illuminate\\Pipeline\\{closure}(Object(Illuminate\\Http\\Request))
#30 C:\\Users\\sharl\\repos\\pt_customerManagement_EC\\vendor\\laravel\\framework\\src\\Illuminate\\Foundation\\Http\\Middleware\\ConvertEmptyStringsToNull.php(31): Illuminate\\Foundation\\Http\\Middleware\\TransformsRequest->handle(Object(Illuminate\\Http\\Request), Object(Closure))
#31 C:\\Users\\sharl\\repos\\pt_customerManagement_EC\\vendor\\laravel\\framework\\src\\Illuminate\\Pipeline\\Pipeline.php(208): Illuminate\\Foundation\\Http\\Middleware\\ConvertEmptyStringsToNull->handle(Object(Illuminate\\Http\\Request), Object(Closure))
#32 C:\\Users\\sharl\\repos\\pt_customerManagement_EC\\vendor\\laravel\\framework\\src\\Illuminate\\Foundation\\Http\\Middleware\\TransformsRequest.php(21): Illuminate\\Pipeline\\Pipeline->Illuminate\\Pipeline\\{closure}(Object(Illuminate\\Http\\Request))
#33 C:\\Users\\sharl\\repos\\pt_customerManagement_EC\\vendor\\laravel\\framework\\src\\Illuminate\\Foundation\\Http\\Middleware\\TrimStrings.php(51): Illuminate\\Foundation\\Http\\Middleware\\TransformsRequest->handle(Object(Illuminate\\Http\\Request), Object(Closure))
#34 C:\\Users\\sharl\\repos\\pt_customerManagement_EC\\vendor\\laravel\\framework\\src\\Illuminate\\Pipeline\\Pipeline.php(208): Illuminate\\Foundation\\Http\\Middleware\\TrimStrings->handle(Object(Illuminate\\Http\\Request), Object(Closure))
#35 C:\\Users\\sharl\\repos\\pt_customerManagement_EC\\vendor\\laravel\\framework\\src\\Illuminate\\Http\\Middleware\\ValidatePostSize.php(27): Illuminate\\Pipeline\\Pipeline->Illuminate\\Pipeline\\{closure}(Object(Illuminate\\Http\\Request))
#36 C:\\Users\\sharl\\repos\\pt_customerManagement_EC\\vendor\\laravel\\framework\\src\\Illuminate\\Pipeline\\Pipeline.php(208): Illuminate\\Http\\Middleware\\ValidatePostSize->handle(Object(Illuminate\\Http\\Request), Object(Closure))
#37 C:\\Users\\sharl\\repos\\pt_customerManagement_EC\\vendor\\laravel\\framework\\src\\Illuminate\\Foundation\\Http\\Middleware\\PreventRequestsDuringMaintenance.php(109): Illuminate\\Pipeline\\Pipeline->Illuminate\\Pipeline\\{closure}(Object(Illuminate\\Http\\Request))
#38 C:\\Users\\sharl\\repos\\pt_customerManagement_EC\\vendor\\laravel\\framework\\src\\Illuminate\\Pipeline\\Pipeline.php(208): Illuminate\\Foundation\\Http\\Middleware\\PreventRequestsDuringMaintenance->handle(Object(Illuminate\\Http\\Request), Object(Closure))
#39 C:\\Users\\sharl\\repos\\pt_customerManagement_EC\\vendor\\laravel\\framework\\src\\Illuminate\\Http\\Middleware\\HandleCors.php(48): Illuminate\\Pipeline\\Pipeline->Illuminate\\Pipeline\\{closure}(Object(Illuminate\\Http\\Request))
#40 C:\\Users\\sharl\\repos\\pt_customerManagement_EC\\vendor\\laravel\\framework\\src\\Illuminate\\Pipeline\\Pipeline.php(208): Illuminate\\Http\\Middleware\\HandleCors->handle(Object(Illuminate\\Http\\Request), Object(Closure))
#41 C:\\Users\\sharl\\repos\\pt_customerManagement_EC\\vendor\\laravel\\framework\\src\\Illuminate\\Http\\Middleware\\TrustProxies.php(58): Illuminate\\Pipeline\\Pipeline->Illuminate\\Pipeline\\{closure}(Object(Illuminate\\Http\\Request))
#42 C:\\Users\\sharl\\repos\\pt_customerManagement_EC\\vendor\\laravel\\framework\\src\\Illuminate\\Pipeline\\Pipeline.php(208): Illuminate\\Http\\Middleware\\TrustProxies->handle(Object(Illuminate\\Http\\Request), Object(Closure))
#43 C:\\Users\\sharl\\repos\\pt_customerManagement_EC\\vendor\\laravel\\framework\\src\\Illuminate\\Foundation\\Http\\Middleware\\InvokeDeferredCallbacks.php(22): Illuminate\\Pipeline\\Pipeline->Illuminate\\Pipeline\\{closure}(Object(Illuminate\\Http\\Request))
#44 C:\\Users\\sharl\\repos\\pt_customerManagement_EC\\vendor\\laravel\\framework\\src\\Illuminate\\Pipeline\\Pipeline.php(208): Illuminate\\Foundation\\Http\\Middleware\\InvokeDeferredCallbacks->handle(Object(Illuminate\\Http\\Request), Object(Closure))
#45 C:\\Users\\sharl\\repos\\pt_customerManagement_EC\\vendor\\laravel\\framework\\src\\Illuminate\\Http\\Middleware\\ValidatePathEncoding.php(26): Illuminate\\Pipeline\\Pipeline->Illuminate\\Pipeline\\{closure}(Object(Illuminate\\Http\\Request))
#46 C:\\Users\\sharl\\repos\\pt_customerManagement_EC\\vendor\\laravel\\framework\\src\\Illuminate\\Pipeline\\Pipeline.php(208): Illuminate\\Http\\Middleware\\ValidatePathEncoding->handle(Object(Illuminate\\Http\\Request), Object(Closure))
#47 C:\\Users\\sharl\\repos\\pt_customerManagement_EC\\vendor\\laravel\\framework\\src\\Illuminate\\Pipeline\\Pipeline.php(126): Illuminate\\Pipeline\\Pipeline->Illuminate\\Pipeline\\{closure}(Object(Illuminate\\Http\\Request))
#48 C:\\Users\\sharl\\repos\\pt_customerManagement_EC\\vendor\\laravel\\framework\\src\\Illuminate\\Foundation\\Http\\Kernel.php(175): Illuminate\\Pipeline\\Pipeline->then(Object(Closure))
#49 C:\\Users\\sharl\\repos\\pt_customerManagement_EC\\vendor\\laravel\\framework\\src\\Illuminate\\Foundation\\Http\\Kernel.php(144): Illuminate\\Foundation\\Http\\Kernel->sendRequestThroughRouter(Object(Illuminate\\Http\\Request))
#50 C:\\Users\\sharl\\repos\\pt_customerManagement_EC\\vendor\\laravel\\framework\\src\\Illuminate\\Foundation\\Application.php(1219): Illuminate\\Foundation\\Http\\Kernel->handle(Object(Illuminate\\Http\\Request))
#51 C:\\Users\\sharl\\repos\\pt_customerManagement_EC\\public\\index.php(20): Illuminate\\Foundation\\Application->handleRequest(Object(Illuminate\\Http\\Request))
#52 C:\\Users\\sharl\\repos\\pt_customerManagement_EC\\vendor\\laravel\\framework\\src\\Illuminate\\Foundation\\resources\\server.php(23): require_once('C:\\\\Users\\\\sharl\\\\...')
#53 {main}

[previous exception] [object] (PDOException(code: 1049): SQLSTATE[HY000] [1049] Unknown database 'a' at C:\\Users\\sharl\\repos\\pt_customerManagement_EC\\vendor\\laravel\\framework\\src\\Illuminate\\Database\\Connectors\\Connector.php:66)
[stacktrace]
#0 C:\\Users\\sharl\\repos\\pt_customerManagement_EC\\vendor\\laravel\\framework\\src\\Illuminate\\Database\\Connectors\\Connector.php(66): PDO->__construct('mysql:host=127....', 'root', Object(SensitiveParameterValue), Array)
#1 C:\\Users\\sharl\\repos\\pt_customerManagement_EC\\vendor\\laravel\\framework\\src\\Illuminate\\Database\\Connectors\\Connector.php(44): Illuminate\\Database\\Connectors\\Connector->createPdoConnection('mysql:host=127....', 'root', Object(SensitiveParameterValue), Array)
#2 C:\\Users\\sharl\\repos\\pt_customerManagement_EC\\vendor\\laravel\\framework\\src\\Illuminate\\Database\\Connectors\\MySqlConnector.php(24): Illuminate\\Database\\Connectors\\Connector->createConnection('mysql:host=127....', Array, Array)
#3 C:\\Users\\sharl\\repos\\pt_customerManagement_EC\\vendor\\laravel\\framework\\src\\Illuminate\\Database\\Connectors\\ConnectionFactory.php(184): Illuminate\\Database\\Connectors\\MySqlConnector->connect(Array)
#4 [internal function]: Illuminate\\Database\\Connectors\\ConnectionFactory->Illuminate\\Database\\Connectors\\{closure}()
#5 C:\\Users\\sharl\\repos\\pt_customerManagement_EC\\vendor\\laravel\\framework\\src\\Illuminate\\Database\\Connection.php(1228): call_user_func(Object(Closure))
#6 C:\\Users\\sharl\\repos\\pt_customerManagement_EC\\vendor\\laravel\\framework\\src\\Illuminate\\Database\\Connection.php(509): Illuminate\\Database\\Connection->getPdo()
#7 C:\\Users\\sharl\\repos\\pt_customerManagement_EC\\vendor\\laravel\\framework\\src\\Illuminate\\Database\\Connection.php(404): Illuminate\\Database\\Connection->getPdoForSelect(false)
#8 C:\\Users\\sharl\\repos\\pt_customerManagement_EC\\vendor\\laravel\\framework\\src\\Illuminate\\Database\\Connection.php(809): Illuminate\\Database\\Connection->Illuminate\\Database\\{closure}('select * from `...', Array)
#9 C:\\Users\\sharl\\repos\\pt_customerManagement_EC\\vendor\\laravel\\framework\\src\\Illuminate\\Database\\Connection.php(776): Illuminate\\Database\\Connection->runQueryCallback('select * from `...', Array, Object(Closure))
#10 C:\\Users\\sharl\\repos\\pt_customerManagement_EC\\vendor\\laravel\\framework\\src\\Illuminate\\Database\\Connection.php(395): Illuminate\\Database\\Connection->run('select * from `...', Array, Object(Closure))
#11 C:\\Users\\sharl\\repos\\pt_customerManagement_EC\\vendor\\laravel\\framework\\src\\Illuminate\\Database\\Query\\Builder.php(3131): Illuminate\\Database\\Connection->select('select * from `...', Array, false)
#12 C:\\Users\\sharl\\repos\\pt_customerManagement_EC\\vendor\\laravel\\framework\\src\\Illuminate\\Database\\Query\\Builder.php(3116): Illuminate\\Database\\Query\\Builder->runSelect()
#13 C:\\Users\\sharl\\repos\\pt_customerManagement_EC\\vendor\\laravel\\framework\\src\\Illuminate\\Database\\Query\\Builder.php(3706): Illuminate\\Database\\Query\\Builder->Illuminate\\Database\\Query\\{closure}()
#14 C:\\Users\\sharl\\repos\\pt_customerManagement_EC\\vendor\\laravel\\framework\\src\\Illuminate\\Database\\Query\\Builder.php(3115): Illuminate\\Database\\Query\\Builder->onceWithColumns(Array, Object(Closure))
#15 C:\\Users\\sharl\\repos\\pt_customerManagement_EC\\vendor\\laravel\\framework\\src\\Illuminate\\Database\\Concerns\\BuildsQueries.php(366): Illuminate\\Database\\Query\\Builder->get(Array)
#16 C:\\Users\\sharl\\repos\\pt_customerManagement_EC\\vendor\\laravel\\framework\\src\\Illuminate\\Database\\Query\\Builder.php(3038): Illuminate\\Database\\Query\\Builder->first(Array)
#17 C:\\Users\\sharl\\repos\\pt_customerManagement_EC\\vendor\\laravel\\framework\\src\\Illuminate\\Session\\DatabaseSessionHandler.php(96): Illuminate\\Database\\Query\\Builder->find('iFAFF0K2pym5zzO...')
#18 C:\\Users\\sharl\\repos\\pt_customerManagement_EC\\vendor\\laravel\\framework\\src\\Illuminate\\Session\\Store.php(116): Illuminate\\Session\\DatabaseSessionHandler->read('iFAFF0K2pym5zzO...')
#19 C:\\Users\\sharl\\repos\\pt_customerManagement_EC\\vendor\\laravel\\framework\\src\\Illuminate\\Session\\Store.php(104): Illuminate\\Session\\Store->readFromHandler()
#20 C:\\Users\\sharl\\repos\\pt_customerManagement_EC\\vendor\\laravel\\framework\\src\\Illuminate\\Session\\Store.php(88): Illuminate\\Session\\Store->loadSession()
#21 C:\\Users\\sharl\\repos\\pt_customerManagement_EC\\vendor\\laravel\\framework\\src\\Illuminate\\Session\\Middleware\\StartSession.php(146): Illuminate\\Session\\Store->start()
#22 C:\\Users\\sharl\\repos\\pt_customerManagement_EC\\vendor\\laravel\\framework\\src\\Illuminate\\Support\\helpers.php(399): Illuminate\\Session\\Middleware\\StartSession->Illuminate\\Session\\Middleware\\{closure}(Object(Illuminate\\Session\\Store))
#23 C:\\Users\\sharl\\repos\\pt_customerManagement_EC\\vendor\\laravel\\framework\\src\\Illuminate\\Session\\Middleware\\StartSession.php(143): tap(Object(Illuminate\\Session\\Store), Object(Closure))
#24 C:\\Users\\sharl\\repos\\pt_customerManagement_EC\\vendor\\laravel\\framework\\src\\Illuminate\\Session\\Middleware\\StartSession.php(115): Illuminate\\Session\\Middleware\\StartSession->startSession(Object(Illuminate\\Http\\Request), Object(Illuminate\\Session\\Store))
#25 C:\\Users\\sharl\\repos\\pt_customerManagement_EC\\vendor\\laravel\\framework\\src\\Illuminate\\Session\\Middleware\\StartSession.php(63): Illuminate\\Session\\Middleware\\StartSession->handleStatefulRequest(Object(Illuminate\\Http\\Request), Object(Illuminate\\Session\\Store), Object(Closure))
#26 C:\\Users\\sharl\\repos\\pt_customerManagement_EC\\vendor\\laravel\\framework\\src\\Illuminate\\Pipeline\\Pipeline.php(208): Illuminate\\Session\\Middleware\\StartSession->handle(Object(Illuminate\\Http\\Request), Object(Closure))
#27 C:\\Users\\sharl\\repos\\pt_customerManagement_EC\\vendor\\laravel\\framework\\src\\Illuminate\\Cookie\\Middleware\\AddQueuedCookiesToResponse.php(36): Illuminate\\Pipeline\\Pipeline->Illuminate\\Pipeline\\{closure}(Object(Illuminate\\Http\\Request))
#28 C:\\Users\\sharl\\repos\\pt_customerManagement_EC\\vendor\\laravel\\framework\\src\\Illuminate\\Pipeline\\Pipeline.php(208): Illuminate\\Cookie\\Middleware\\AddQueuedCookiesToResponse->handle(Object(Illuminate\\Http\\Request), Object(Closure))
#29 C:\\Users\\sharl\\repos\\pt_customerManagement_EC\\vendor\\laravel\\framework\\src\\Illuminate\\Cookie\\Middleware\\EncryptCookies.php(74): Illuminate\\Pipeline\\Pipeline->Illuminate\\Pipeline\\{closure}(Object(Illuminate\\Http\\Request))
#30 C:\\Users\\sharl\\repos\\pt_customerManagement_EC\\vendor\\laravel\\framework\\src\\Illuminate\\Pipeline\\Pipeline.php(208): Illuminate\\Cookie\\Middleware\\EncryptCookies->handle(Object(Illuminate\\Http\\Request), Object(Closure))
#31 C:\\Users\\sharl\\repos\\pt_customerManagement_EC\\vendor\\laravel\\framework\\src\\Illuminate\\Pipeline\\Pipeline.php(126): Illuminate\\Pipeline\\Pipeline->Illuminate\\Pipeline\\{closure}(Object(Illuminate\\Http\\Request))
#32 C:\\Users\\sharl\\repos\\pt_customerManagement_EC\\vendor\\laravel\\framework\\src\\Illuminate\\Routing\\Router.php(807): Illuminate\\Pipeline\\Pipeline->then(Object(Closure))
#33 C:\\Users\\sharl\\repos\\pt_customerManagement_EC\\vendor\\laravel\\framework\\src\\Illuminate\\Routing\\Router.php(786): Illuminate\\Routing\\Router->runRouteWithinStack(Object(Illuminate\\Routing\\Route), Object(Illuminate\\Http\\Request))
#34 C:\\Users\\sharl\\repos\\pt_customerManagement_EC\\vendor\\laravel\\framework\\src\\Illuminate\\Routing\\Router.php(750): Illuminate\\Routing\\Router->runRoute(Object(Illuminate\\Http\\Request), Object(Illuminate\\Routing\\Route))
#35 C:\\Users\\sharl\\repos\\pt_customerManagement_EC\\vendor\\laravel\\framework\\src\\Illuminate\\Routing\\Router.php(739): Illuminate\\Routing\\Router->dispatchToRoute(Object(Illuminate\\Http\\Request))
#36 C:\\Users\\sharl\\repos\\pt_customerManagement_EC\\vendor\\laravel\\framework\\src\\Illuminate\\Foundation\\Http\\Kernel.php(200): Illuminate\\Routing\\Router->dispatch(Object(Illuminate\\Http\\Request))
#37 C:\\Users\\sharl\\repos\\pt_customerManagement_EC\\vendor\\laravel\\framework\\src\\Illuminate\\Pipeline\\Pipeline.php(169): Illuminate\\Foundation\\Http\\Kernel->Illuminate\\Foundation\\Http\\{closure}(Object(Illuminate\\Http\\Request))
#38 C:\\Users\\sharl\\repos\\pt_customerManagement_EC\\vendor\\laravel\\framework\\src\\Illuminate\\Foundation\\Http\\Middleware\\TransformsRequest.php(21): Illuminate\\Pipeline\\Pipeline->Illuminate\\Pipeline\\{closure}(Object(Illuminate\\Http\\Request))
#39 C:\\Users\\sharl\\repos\\pt_customerManagement_EC\\vendor\\laravel\\framework\\src\\Illuminate\\Foundation\\Http\\Middleware\\ConvertEmptyStringsToNull.php(31): Illuminate\\Foundation\\Http\\Middleware\\TransformsRequest->handle(Object(Illuminate\\Http\\Request), Object(Closure))
#40 C:\\Users\\sharl\\repos\\pt_customerManagement_EC\\vendor\\laravel\\framework\\src\\Illuminate\\Pipeline\\Pipeline.php(208): Illuminate\\Foundation\\Http\\Middleware\\ConvertEmptyStringsToNull->handle(Object(Illuminate\\Http\\Request), Object(Closure))
#41 C:\\Users\\sharl\\repos\\pt_customerManagement_EC\\vendor\\laravel\\framework\\src\\Illuminate\\Foundation\\Http\\Middleware\\TransformsRequest.php(21): Illuminate\\Pipeline\\Pipeline->Illuminate\\Pipeline\\{closure}(Object(Illuminate\\Http\\Request))
#42 C:\\Users\\sharl\\repos\\pt_customerManagement_EC\\vendor\\laravel\\framework\\src\\Illuminate\\Foundation\\Http\\Middleware\\TrimStrings.php(51): Illuminate\\Foundation\\Http\\Middleware\\TransformsRequest->handle(Object(Illuminate\\Http\\Request), Object(Closure))
#43 C:\\Users\\sharl\\repos\\pt_customerManagement_EC\\vendor\\laravel\\framework\\src\\Illuminate\\Pipeline\\Pipeline.php(208): Illuminate\\Foundation\\Http\\Middleware\\TrimStrings->handle(Object(Illuminate\\Http\\Request), Object(Closure))
#44 C:\\Users\\sharl\\repos\\pt_customerManagement_EC\\vendor\\laravel\\framework\\src\\Illuminate\\Http\\Middleware\\ValidatePostSize.php(27): Illuminate\\Pipeline\\Pipeline->Illuminate\\Pipeline\\{closure}(Object(Illuminate\\Http\\Request))
#45 C:\\Users\\sharl\\repos\\pt_customerManagement_EC\\vendor\\laravel\\framework\\src\\Illuminate\\Pipeline\\Pipeline.php(208): Illuminate\\Http\\Middleware\\ValidatePostSize->handle(Object(Illuminate\\Http\\Request), Object(Closure))
#46 C:\\Users\\sharl\\repos\\pt_customerManagement_EC\\vendor\\laravel\\framework\\src\\Illuminate\\Foundation\\Http\\Middleware\\PreventRequestsDuringMaintenance.php(109): Illuminate\\Pipeline\\Pipeline->Illuminate\\Pipeline\\{closure}(Object(Illuminate\\Http\\Request))
#47 C:\\Users\\sharl\\repos\\pt_customerManagement_EC\\vendor\\laravel\\framework\\src\\Illuminate\\Pipeline\\Pipeline.php(208): Illuminate\\Foundation\\Http\\Middleware\\PreventRequestsDuringMaintenance->handle(Object(Illuminate\\Http\\Request), Object(Closure))
#48 C:\\Users\\sharl\\repos\\pt_customerManagement_EC\\vendor\\laravel\\framework\\src\\Illuminate\\Http\\Middleware\\HandleCors.php(48): Illuminate\\Pipeline\\Pipeline->Illuminate\\Pipeline\\{closure}(Object(Illuminate\\Http\\Request))
#49 C:\\Users\\sharl\\repos\\pt_customerManagement_EC\\vendor\\laravel\\framework\\src\\Illuminate\\Pipeline\\Pipeline.php(208): Illuminate\\Http\\Middleware\\HandleCors->handle(Object(Illuminate\\Http\\Request), Object(Closure))
#50 C:\\Users\\sharl\\repos\\pt_customerManagement_EC\\vendor\\laravel\\framework\\src\\Illuminate\\Http\\Middleware\\TrustProxies.php(58): Illuminate\\Pipeline\\Pipeline->Illuminate\\Pipeline\\{closure}(Object(Illuminate\\Http\\Request))
#51 C:\\Users\\sharl\\repos\\pt_customerManagement_EC\\vendor\\laravel\\framework\\src\\Illuminate\\Pipeline\\Pipeline.php(208): Illuminate\\Http\\Middleware\\TrustProxies->handle(Object(Illuminate\\Http\\Request), Object(Closure))
#52 C:\\Users\\sharl\\repos\\pt_customerManagement_EC\\vendor\\laravel\\framework\\src\\Illuminate\\Foundation\\Http\\Middleware\\InvokeDeferredCallbacks.php(22): Illuminate\\Pipeline\\Pipeline->Illuminate\\Pipeline\\{closure}(Object(Illuminate\\Http\\Request))
#53 C:\\Users\\sharl\\repos\\pt_customerManagement_EC\\vendor\\laravel\\framework\\src\\Illuminate\\Pipeline\\Pipeline.php(208): Illuminate\\Foundation\\Http\\Middleware\\InvokeDeferredCallbacks->handle(Object(Illuminate\\Http\\Request), Object(Closure))
#54 C:\\Users\\sharl\\repos\\pt_customerManagement_EC\\vendor\\laravel\\framework\\src\\Illuminate\\Http\\Middleware\\ValidatePathEncoding.php(26): Illuminate\\Pipeline\\Pipeline->Illuminate\\Pipeline\\{closure}(Object(Illuminate\\Http\\Request))
#55 C:\\Users\\sharl\\repos\\pt_customerManagement_EC\\vendor\\laravel\\framework\\src\\Illuminate\\Pipeline\\Pipeline.php(208): Illuminate\\Http\\Middleware\\ValidatePathEncoding->handle(Object(Illuminate\\Http\\Request), Object(Closure))
#56 C:\\Users\\sharl\\repos\\pt_customerManagement_EC\\vendor\\laravel\\framework\\src\\Illuminate\\Pipeline\\Pipeline.php(126): Illuminate\\Pipeline\\Pipeline->Illuminate\\Pipeline\\{closure}(Object(Illuminate\\Http\\Request))
#57 C:\\Users\\sharl\\repos\\pt_customerManagement_EC\\vendor\\laravel\\framework\\src\\Illuminate\\Foundation\\Http\\Kernel.php(175): Illuminate\\Pipeline\\Pipeline->then(Object(Closure))
#58 C:\\Users\\sharl\\repos\\pt_customerManagement_EC\\vendor\\laravel\\framework\\src\\Illuminate\\Foundation\\Http\\Kernel.php(144): Illuminate\\Foundation\\Http\\Kernel->sendRequestThroughRouter(Object(Illuminate\\Http\\Request))
#59 C:\\Users\\sharl\\repos\\pt_customerManagement_EC\\vendor\\laravel\\framework\\src\\Illuminate\\Foundation\\Application.php(1219): Illuminate\\Foundation\\Http\\Kernel->handle(Object(Illuminate\\Http\\Request))
#60 C:\\Users\\sharl\\repos\\pt_customerManagement_EC\\public\\index.php(20): Illuminate\\Foundation\\Application->handleRequest(Object(Illuminate\\Http\\Request))
#61 C:\\Users\\sharl\\repos\\pt_customerManagement_EC\\vendor\\laravel\\framework\\src\\Illuminate\\Foundation\\resources\\server.php(23): require_once('C:\\\\Users\\\\sharl\\\\...')
#62 {main}
"} 
[2025-07-19 16:04:48] local.ERROR: SQLSTATE[HY000] [1049] Unknown database 'a' (Connection: mysql, SQL: select exists (select 1 from information_schema.tables where table_schema = schema() and table_name = 'migrations' and table_type in ('BASE TABLE', 'SYSTEM VERSIONED')) as `exists`) {"exception":"[object] (Illuminate\\Database\\QueryException(code: 1049): SQLSTATE[HY000] [1049] Unknown database 'a' (Connection: mysql, SQL: select exists (select 1 from information_schema.tables where table_schema = schema() and table_name = 'migrations' and table_type in ('BASE TABLE', 'SYSTEM VERSIONED')) as `exists`) at C:\\Users\\sharl\\repos\\pt_customerManagement_EC\\vendor\\laravel\\framework\\src\\Illuminate\\Database\\Connection.php:822)
[stacktrace]
#0 C:\\Users\\sharl\\repos\\pt_customerManagement_EC\\vendor\\laravel\\framework\\src\\Illuminate\\Database\\Connection.php(776): Illuminate\\Database\\Connection->runQueryCallback('select exists (...', Array, Object(Closure))
#1 C:\\Users\\sharl\\repos\\pt_customerManagement_EC\\vendor\\laravel\\framework\\src\\Illuminate\\Database\\Connection.php(395): Illuminate\\Database\\Connection->run('select exists (...', Array, Object(Closure))
#2 C:\\Users\\sharl\\repos\\pt_customerManagement_EC\\vendor\\laravel\\framework\\src\\Illuminate\\Database\\Connection.php(341): Illuminate\\Database\\Connection->select('select exists (...', Array, true)
#3 C:\\Users\\sharl\\repos\\pt_customerManagement_EC\\vendor\\laravel\\framework\\src\\Illuminate\\Database\\Connection.php(358): Illuminate\\Database\\Connection->selectOne('select exists (...', Array, true)
#4 C:\\Users\\sharl\\repos\\pt_customerManagement_EC\\vendor\\laravel\\framework\\src\\Illuminate\\Database\\Schema\\Builder.php(174): Illuminate\\Database\\Connection->scalar('select exists (...')
#5 C:\\Users\\sharl\\repos\\pt_customerManagement_EC\\vendor\\laravel\\framework\\src\\Illuminate\\Database\\Migrations\\DatabaseMigrationRepository.php(185): Illuminate\\Database\\Schema\\Builder->hasTable('migrations')
#6 C:\\Users\\sharl\\repos\\pt_customerManagement_EC\\vendor\\laravel\\framework\\src\\Illuminate\\Database\\Migrations\\Migrator.php(749): Illuminate\\Database\\Migrations\\DatabaseMigrationRepository->repositoryExists()
#7 C:\\Users\\sharl\\repos\\pt_customerManagement_EC\\vendor\\laravel\\framework\\src\\Illuminate\\Database\\Console\\Migrations\\MigrateCommand.php(164): Illuminate\\Database\\Migrations\\Migrator->repositoryExists()
#8 C:\\Users\\sharl\\repos\\pt_customerManagement_EC\\vendor\\laravel\\framework\\src\\Illuminate\\Support\\helpers.php(338): Illuminate\\Database\\Console\\Migrations\\MigrateCommand->Illuminate\\Database\\Console\\Migrations\\{closure}(1)
#9 C:\\Users\\sharl\\repos\\pt_customerManagement_EC\\vendor\\laravel\\framework\\src\\Illuminate\\Database\\Console\\Migrations\\MigrateCommand.php(164): retry(1, Object(Closure), 0, Object(Closure))
#10 C:\\Users\\sharl\\repos\\pt_customerManagement_EC\\vendor\\laravel\\framework\\src\\Illuminate\\Database\\Console\\Migrations\\MigrateCommand.php(140): Illuminate\\Database\\Console\\Migrations\\MigrateCommand->repositoryExists()
#11 C:\\Users\\sharl\\repos\\pt_customerManagement_EC\\vendor\\laravel\\framework\\src\\Illuminate\\Database\\Console\\Migrations\\MigrateCommand.php(110): Illuminate\\Database\\Console\\Migrations\\MigrateCommand->prepareDatabase()
#12 C:\\Users\\sharl\\repos\\pt_customerManagement_EC\\vendor\\laravel\\framework\\src\\Illuminate\\Database\\Migrations\\Migrator.php(665): Illuminate\\Database\\Console\\Migrations\\MigrateCommand->Illuminate\\Database\\Console\\Migrations\\{closure}()
#13 C:\\Users\\sharl\\repos\\pt_customerManagement_EC\\vendor\\laravel\\framework\\src\\Illuminate\\Database\\Console\\Migrations\\MigrateCommand.php(109): Illuminate\\Database\\Migrations\\Migrator->usingConnection(NULL, Object(Closure))
#14 C:\\Users\\sharl\\repos\\pt_customerManagement_EC\\vendor\\laravel\\framework\\src\\Illuminate\\Database\\Console\\Migrations\\MigrateCommand.php(88): Illuminate\\Database\\Console\\Migrations\\MigrateCommand->runMigrations()
#15 C:\\Users\\sharl\\repos\\pt_customerManagement_EC\\vendor\\laravel\\framework\\src\\Illuminate\\Container\\BoundMethod.php(36): Illuminate\\Database\\Console\\Migrations\\MigrateCommand->handle()
#16 C:\\Users\\sharl\\repos\\pt_customerManagement_EC\\vendor\\laravel\\framework\\src\\Illuminate\\Container\\Util.php(43): Illuminate\\Container\\BoundMethod::Illuminate\\Container\\{closure}()
#17 C:\\Users\\sharl\\repos\\pt_customerManagement_EC\\vendor\\laravel\\framework\\src\\Illuminate\\Container\\BoundMethod.php(96): Illuminate\\Container\\Util::unwrapIfClosure(Object(Closure))
#18 C:\\Users\\sharl\\repos\\pt_customerManagement_EC\\vendor\\laravel\\framework\\src\\Illuminate\\Container\\BoundMethod.php(35): Illuminate\\Container\\BoundMethod::callBoundMethod(Object(Illuminate\\Foundation\\Application), Array, Object(Closure))
#19 C:\\Users\\sharl\\repos\\pt_customerManagement_EC\\vendor\\laravel\\framework\\src\\Illuminate\\Container\\Container.php(754): Illuminate\\Container\\BoundMethod::call(Object(Illuminate\\Foundation\\Application), Array, Array, NULL)
#20 C:\\Users\\sharl\\repos\\pt_customerManagement_EC\\vendor\\laravel\\framework\\src\\Illuminate\\Console\\Command.php(211): Illuminate\\Container\\Container->call(Array)
#21 C:\\Users\\sharl\\repos\\pt_customerManagement_EC\\vendor\\symfony\\console\\Command\\Command.php(318): Illuminate\\Console\\Command->execute(Object(Symfony\\Component\\Console\\Input\\ArgvInput), Object(Illuminate\\Console\\OutputStyle))
#22 C:\\Users\\sharl\\repos\\pt_customerManagement_EC\\vendor\\laravel\\framework\\src\\Illuminate\\Console\\Command.php(180): Symfony\\Component\\Console\\Command\\Command->run(Object(Symfony\\Component\\Console\\Input\\ArgvInput), Object(Illuminate\\Console\\OutputStyle))
#23 C:\\Users\\sharl\\repos\\pt_customerManagement_EC\\vendor\\symfony\\console\\Application.php(1092): Illuminate\\Console\\Command->run(Object(Symfony\\Component\\Console\\Input\\ArgvInput), Object(Symfony\\Component\\Console\\Output\\ConsoleOutput))
#24 C:\\Users\\sharl\\repos\\pt_customerManagement_EC\\vendor\\symfony\\console\\Application.php(341): Symfony\\Component\\Console\\Application->doRunCommand(Object(Illuminate\\Database\\Console\\Migrations\\MigrateCommand), Object(Symfony\\Component\\Console\\Input\\ArgvInput), Object(Symfony\\Component\\Console\\Output\\ConsoleOutput))
#25 C:\\Users\\sharl\\repos\\pt_customerManagement_EC\\vendor\\symfony\\console\\Application.php(192): Symfony\\Component\\Console\\Application->doRun(Object(Symfony\\Component\\Console\\Input\\ArgvInput), Object(Symfony\\Component\\Console\\Output\\ConsoleOutput))
#26 C:\\Users\\sharl\\repos\\pt_customerManagement_EC\\vendor\\laravel\\framework\\src\\Illuminate\\Foundation\\Console\\Kernel.php(197): Symfony\\Component\\Console\\Application->run(Object(Symfony\\Component\\Console\\Input\\ArgvInput), Object(Symfony\\Component\\Console\\Output\\ConsoleOutput))
#27 C:\\Users\\sharl\\repos\\pt_customerManagement_EC\\vendor\\laravel\\framework\\src\\Illuminate\\Foundation\\Application.php(1234): Illuminate\\Foundation\\Console\\Kernel->handle(Object(Symfony\\Component\\Console\\Input\\ArgvInput), Object(Symfony\\Component\\Console\\Output\\ConsoleOutput))
#28 C:\\Users\\sharl\\repos\\pt_customerManagement_EC\\artisan(16): Illuminate\\Foundation\\Application->handleCommand(Object(Symfony\\Component\\Console\\Input\\ArgvInput))
#29 {main}

[previous exception] [object] (PDOException(code: 1049): SQLSTATE[HY000] [1049] Unknown database 'a' at C:\\Users\\sharl\\repos\\pt_customerManagement_EC\\vendor\\laravel\\framework\\src\\Illuminate\\Database\\Connectors\\Connector.php:66)
[stacktrace]
#0 C:\\Users\\sharl\\repos\\pt_customerManagement_EC\\vendor\\laravel\\framework\\src\\Illuminate\\Database\\Connectors\\Connector.php(66): PDO->__construct('mysql:host=127....', 'root', Object(SensitiveParameterValue), Array)
#1 C:\\Users\\sharl\\repos\\pt_customerManagement_EC\\vendor\\laravel\\framework\\src\\Illuminate\\Database\\Connectors\\Connector.php(44): Illuminate\\Database\\Connectors\\Connector->createPdoConnection('mysql:host=127....', 'root', Object(SensitiveParameterValue), Array)
#2 C:\\Users\\sharl\\repos\\pt_customerManagement_EC\\vendor\\laravel\\framework\\src\\Illuminate\\Database\\Connectors\\MySqlConnector.php(24): Illuminate\\Database\\Connectors\\Connector->createConnection('mysql:host=127....', Array, Array)
#3 C:\\Users\\sharl\\repos\\pt_customerManagement_EC\\vendor\\laravel\\framework\\src\\Illuminate\\Database\\Connectors\\ConnectionFactory.php(184): Illuminate\\Database\\Connectors\\MySqlConnector->connect(Array)
#4 [internal function]: Illuminate\\Database\\Connectors\\ConnectionFactory->Illuminate\\Database\\Connectors\\{closure}()
#5 C:\\Users\\sharl\\repos\\pt_customerManagement_EC\\vendor\\laravel\\framework\\src\\Illuminate\\Database\\Connection.php(1228): call_user_func(Object(Closure))
#6 C:\\Users\\sharl\\repos\\pt_customerManagement_EC\\vendor\\laravel\\framework\\src\\Illuminate\\Database\\Connection.php(1264): Illuminate\\Database\\Connection->getPdo()
#7 C:\\Users\\sharl\\repos\\pt_customerManagement_EC\\vendor\\laravel\\framework\\src\\Illuminate\\Database\\Connection.php(509): Illuminate\\Database\\Connection->getReadPdo()
#8 C:\\Users\\sharl\\repos\\pt_customerManagement_EC\\vendor\\laravel\\framework\\src\\Illuminate\\Database\\Connection.php(404): Illuminate\\Database\\Connection->getPdoForSelect(true)
#9 C:\\Users\\sharl\\repos\\pt_customerManagement_EC\\vendor\\laravel\\framework\\src\\Illuminate\\Database\\Connection.php(809): Illuminate\\Database\\Connection->Illuminate\\Database\\{closure}('select exists (...', Array)
#10 C:\\Users\\sharl\\repos\\pt_customerManagement_EC\\vendor\\laravel\\framework\\src\\Illuminate\\Database\\Connection.php(776): Illuminate\\Database\\Connection->runQueryCallback('select exists (...', Array, Object(Closure))
#11 C:\\Users\\sharl\\repos\\pt_customerManagement_EC\\vendor\\laravel\\framework\\src\\Illuminate\\Database\\Connection.php(395): Illuminate\\Database\\Connection->run('select exists (...', Array, Object(Closure))
#12 C:\\Users\\sharl\\repos\\pt_customerManagement_EC\\vendor\\laravel\\framework\\src\\Illuminate\\Database\\Connection.php(341): Illuminate\\Database\\Connection->select('select exists (...', Array, true)
#13 C:\\Users\\sharl\\repos\\pt_customerManagement_EC\\vendor\\laravel\\framework\\src\\Illuminate\\Database\\Connection.php(358): Illuminate\\Database\\Connection->selectOne('select exists (...', Array, true)
#14 C:\\Users\\sharl\\repos\\pt_customerManagement_EC\\vendor\\laravel\\framework\\src\\Illuminate\\Database\\Schema\\Builder.php(174): Illuminate\\Database\\Connection->scalar('select exists (...')
#15 C:\\Users\\sharl\\repos\\pt_customerManagement_EC\\vendor\\laravel\\framework\\src\\Illuminate\\Database\\Migrations\\DatabaseMigrationRepository.php(185): Illuminate\\Database\\Schema\\Builder->hasTable('migrations')
#16 C:\\Users\\sharl\\repos\\pt_customerManagement_EC\\vendor\\laravel\\framework\\src\\Illuminate\\Database\\Migrations\\Migrator.php(749): Illuminate\\Database\\Migrations\\DatabaseMigrationRepository->repositoryExists()
#17 C:\\Users\\sharl\\repos\\pt_customerManagement_EC\\vendor\\laravel\\framework\\src\\Illuminate\\Database\\Console\\Migrations\\MigrateCommand.php(164): Illuminate\\Database\\Migrations\\Migrator->repositoryExists()
#18 C:\\Users\\sharl\\repos\\pt_customerManagement_EC\\vendor\\laravel\\framework\\src\\Illuminate\\Support\\helpers.php(338): Illuminate\\Database\\Console\\Migrations\\MigrateCommand->Illuminate\\Database\\Console\\Migrations\\{closure}(1)
#19 C:\\Users\\sharl\\repos\\pt_customerManagement_EC\\vendor\\laravel\\framework\\src\\Illuminate\\Database\\Console\\Migrations\\MigrateCommand.php(164): retry(1, Object(Closure), 0, Object(Closure))
#20 C:\\Users\\sharl\\repos\\pt_customerManagement_EC\\vendor\\laravel\\framework\\src\\Illuminate\\Database\\Console\\Migrations\\MigrateCommand.php(140): Illuminate\\Database\\Console\\Migrations\\MigrateCommand->repositoryExists()
#21 C:\\Users\\sharl\\repos\\pt_customerManagement_EC\\vendor\\laravel\\framework\\src\\Illuminate\\Database\\Console\\Migrations\\MigrateCommand.php(110): Illuminate\\Database\\Console\\Migrations\\MigrateCommand->prepareDatabase()
#22 C:\\Users\\sharl\\repos\\pt_customerManagement_EC\\vendor\\laravel\\framework\\src\\Illuminate\\Database\\Migrations\\Migrator.php(665): Illuminate\\Database\\Console\\Migrations\\MigrateCommand->Illuminate\\Database\\Console\\Migrations\\{closure}()
#23 C:\\Users\\sharl\\repos\\pt_customerManagement_EC\\vendor\\laravel\\framework\\src\\Illuminate\\Database\\Console\\Migrations\\MigrateCommand.php(109): Illuminate\\Database\\Migrations\\Migrator->usingConnection(NULL, Object(Closure))
#24 C:\\Users\\sharl\\repos\\pt_customerManagement_EC\\vendor\\laravel\\framework\\src\\Illuminate\\Database\\Console\\Migrations\\MigrateCommand.php(88): Illuminate\\Database\\Console\\Migrations\\MigrateCommand->runMigrations()
#25 C:\\Users\\sharl\\repos\\pt_customerManagement_EC\\vendor\\laravel\\framework\\src\\Illuminate\\Container\\BoundMethod.php(36): Illuminate\\Database\\Console\\Migrations\\MigrateCommand->handle()
#26 C:\\Users\\sharl\\repos\\pt_customerManagement_EC\\vendor\\laravel\\framework\\src\\Illuminate\\Container\\Util.php(43): Illuminate\\Container\\BoundMethod::Illuminate\\Container\\{closure}()
#27 C:\\Users\\sharl\\repos\\pt_customerManagement_EC\\vendor\\laravel\\framework\\src\\Illuminate\\Container\\BoundMethod.php(96): Illuminate\\Container\\Util::unwrapIfClosure(Object(Closure))
#28 C:\\Users\\sharl\\repos\\pt_customerManagement_EC\\vendor\\laravel\\framework\\src\\Illuminate\\Container\\BoundMethod.php(35): Illuminate\\Container\\BoundMethod::callBoundMethod(Object(Illuminate\\Foundation\\Application), Array, Object(Closure))
#29 C:\\Users\\sharl\\repos\\pt_customerManagement_EC\\vendor\\laravel\\framework\\src\\Illuminate\\Container\\Container.php(754): Illuminate\\Container\\BoundMethod::call(Object(Illuminate\\Foundation\\Application), Array, Array, NULL)
#30 C:\\Users\\sharl\\repos\\pt_customerManagement_EC\\vendor\\laravel\\framework\\src\\Illuminate\\Console\\Command.php(211): Illuminate\\Container\\Container->call(Array)
#31 C:\\Users\\sharl\\repos\\pt_customerManagement_EC\\vendor\\symfony\\console\\Command\\Command.php(318): Illuminate\\Console\\Command->execute(Object(Symfony\\Component\\Console\\Input\\ArgvInput), Object(Illuminate\\Console\\OutputStyle))
#32 C:\\Users\\sharl\\repos\\pt_customerManagement_EC\\vendor\\laravel\\framework\\src\\Illuminate\\Console\\Command.php(180): Symfony\\Component\\Console\\Command\\Command->run(Object(Symfony\\Component\\Console\\Input\\ArgvInput), Object(Illuminate\\Console\\OutputStyle))
#33 C:\\Users\\sharl\\repos\\pt_customerManagement_EC\\vendor\\symfony\\console\\Application.php(1092): Illuminate\\Console\\Command->run(Object(Symfony\\Component\\Console\\Input\\ArgvInput), Object(Symfony\\Component\\Console\\Output\\ConsoleOutput))
#34 C:\\Users\\sharl\\repos\\pt_customerManagement_EC\\vendor\\symfony\\console\\Application.php(341): Symfony\\Component\\Console\\Application->doRunCommand(Object(Illuminate\\Database\\Console\\Migrations\\MigrateCommand), Object(Symfony\\Component\\Console\\Input\\ArgvInput), Object(Symfony\\Component\\Console\\Output\\ConsoleOutput))
#35 C:\\Users\\sharl\\repos\\pt_customerManagement_EC\\vendor\\symfony\\console\\Application.php(192): Symfony\\Component\\Console\\Application->doRun(Object(Symfony\\Component\\Console\\Input\\ArgvInput), Object(Symfony\\Component\\Console\\Output\\ConsoleOutput))
#36 C:\\Users\\sharl\\repos\\pt_customerManagement_EC\\vendor\\laravel\\framework\\src\\Illuminate\\Foundation\\Console\\Kernel.php(197): Symfony\\Component\\Console\\Application->run(Object(Symfony\\Component\\Console\\Input\\ArgvInput), Object(Symfony\\Component\\Console\\Output\\ConsoleOutput))
#37 C:\\Users\\sharl\\repos\\pt_customerManagement_EC\\vendor\\laravel\\framework\\src\\Illuminate\\Foundation\\Application.php(1234): Illuminate\\Foundation\\Console\\Kernel->handle(Object(Symfony\\Component\\Console\\Input\\ArgvInput), Object(Symfony\\Component\\Console\\Output\\ConsoleOutput))
#38 C:\\Users\\sharl\\repos\\pt_customerManagement_EC\\artisan(16): Illuminate\\Foundation\\Application->handleCommand(Object(Symfony\\Component\\Console\\Input\\ArgvInput))
#39 {main}
"} 
[2025-07-19 16:06:35] local.ERROR: SQLSTATE[3D000]: Invalid catalog name: 1046 No database selected (Connection: mysql, SQL: select * from `sessions` where `id` = 1U7CNMB6C7kEtWVf89bK7W34pdSkyAS0j28e9QHk limit 1) {"exception":"[object] (Illuminate\\Database\\QueryException(code: 3D000): SQLSTATE[3D000]: Invalid catalog name: 1046 No database selected (Connection: mysql, SQL: select * from `sessions` where `id` = 1U7CNMB6C7kEtWVf89bK7W34pdSkyAS0j28e9QHk limit 1) at C:\\Users\\sharl\\repos\\pt_customerManagement_EC\\vendor\\laravel\\framework\\src\\Illuminate\\Database\\Connection.php:822)
[stacktrace]
#0 C:\\Users\\sharl\\repos\\pt_customerManagement_EC\\vendor\\laravel\\framework\\src\\Illuminate\\Database\\Connection.php(776): Illuminate\\Database\\Connection->runQueryCallback('select * from `...', Array, Object(Closure))
#1 C:\\Users\\sharl\\repos\\pt_customerManagement_EC\\vendor\\laravel\\framework\\src\\Illuminate\\Database\\Connection.php(395): Illuminate\\Database\\Connection->run('select * from `...', Array, Object(Closure))
#2 C:\\Users\\sharl\\repos\\pt_customerManagement_EC\\vendor\\laravel\\framework\\src\\Illuminate\\Database\\Query\\Builder.php(3131): Illuminate\\Database\\Connection->select('select * from `...', Array, false)
#3 C:\\Users\\sharl\\repos\\pt_customerManagement_EC\\vendor\\laravel\\framework\\src\\Illuminate\\Database\\Query\\Builder.php(3116): Illuminate\\Database\\Query\\Builder->runSelect()
#4 C:\\Users\\sharl\\repos\\pt_customerManagement_EC\\vendor\\laravel\\framework\\src\\Illuminate\\Database\\Query\\Builder.php(3706): Illuminate\\Database\\Query\\Builder->Illuminate\\Database\\Query\\{closure}()
#5 C:\\Users\\sharl\\repos\\pt_customerManagement_EC\\vendor\\laravel\\framework\\src\\Illuminate\\Database\\Query\\Builder.php(3115): Illuminate\\Database\\Query\\Builder->onceWithColumns(Array, Object(Closure))
#6 C:\\Users\\sharl\\repos\\pt_customerManagement_EC\\vendor\\laravel\\framework\\src\\Illuminate\\Database\\Concerns\\BuildsQueries.php(366): Illuminate\\Database\\Query\\Builder->get(Array)
#7 C:\\Users\\sharl\\repos\\pt_customerManagement_EC\\vendor\\laravel\\framework\\src\\Illuminate\\Database\\Query\\Builder.php(3038): Illuminate\\Database\\Query\\Builder->first(Array)
#8 C:\\Users\\sharl\\repos\\pt_customerManagement_EC\\vendor\\laravel\\framework\\src\\Illuminate\\Session\\DatabaseSessionHandler.php(96): Illuminate\\Database\\Query\\Builder->find('1U7CNMB6C7kEtWV...')
#9 C:\\Users\\sharl\\repos\\pt_customerManagement_EC\\vendor\\laravel\\framework\\src\\Illuminate\\Session\\Store.php(116): Illuminate\\Session\\DatabaseSessionHandler->read('1U7CNMB6C7kEtWV...')
#10 C:\\Users\\sharl\\repos\\pt_customerManagement_EC\\vendor\\laravel\\framework\\src\\Illuminate\\Session\\Store.php(104): Illuminate\\Session\\Store->readFromHandler()
#11 C:\\Users\\sharl\\repos\\pt_customerManagement_EC\\vendor\\laravel\\framework\\src\\Illuminate\\Session\\Store.php(88): Illuminate\\Session\\Store->loadSession()
#12 C:\\Users\\sharl\\repos\\pt_customerManagement_EC\\vendor\\laravel\\framework\\src\\Illuminate\\Session\\Middleware\\StartSession.php(146): Illuminate\\Session\\Store->start()
#13 C:\\Users\\sharl\\repos\\pt_customerManagement_EC\\vendor\\laravel\\framework\\src\\Illuminate\\Support\\helpers.php(399): Illuminate\\Session\\Middleware\\StartSession->Illuminate\\Session\\Middleware\\{closure}(Object(Illuminate\\Session\\Store))
#14 C:\\Users\\sharl\\repos\\pt_customerManagement_EC\\vendor\\laravel\\framework\\src\\Illuminate\\Session\\Middleware\\StartSession.php(143): tap(Object(Illuminate\\Session\\Store), Object(Closure))
#15 C:\\Users\\sharl\\repos\\pt_customerManagement_EC\\vendor\\laravel\\framework\\src\\Illuminate\\Session\\Middleware\\StartSession.php(115): Illuminate\\Session\\Middleware\\StartSession->startSession(Object(Illuminate\\Http\\Request), Object(Illuminate\\Session\\Store))
#16 C:\\Users\\sharl\\repos\\pt_customerManagement_EC\\vendor\\laravel\\framework\\src\\Illuminate\\Session\\Middleware\\StartSession.php(63): Illuminate\\Session\\Middleware\\StartSession->handleStatefulRequest(Object(Illuminate\\Http\\Request), Object(Illuminate\\Session\\Store), Object(Closure))
#17 C:\\Users\\sharl\\repos\\pt_customerManagement_EC\\vendor\\laravel\\framework\\src\\Illuminate\\Pipeline\\Pipeline.php(208): Illuminate\\Session\\Middleware\\StartSession->handle(Object(Illuminate\\Http\\Request), Object(Closure))
#18 C:\\Users\\sharl\\repos\\pt_customerManagement_EC\\vendor\\laravel\\framework\\src\\Illuminate\\Cookie\\Middleware\\AddQueuedCookiesToResponse.php(36): Illuminate\\Pipeline\\Pipeline->Illuminate\\Pipeline\\{closure}(Object(Illuminate\\Http\\Request))
#19 C:\\Users\\sharl\\repos\\pt_customerManagement_EC\\vendor\\laravel\\framework\\src\\Illuminate\\Pipeline\\Pipeline.php(208): Illuminate\\Cookie\\Middleware\\AddQueuedCookiesToResponse->handle(Object(Illuminate\\Http\\Request), Object(Closure))
#20 C:\\Users\\sharl\\repos\\pt_customerManagement_EC\\vendor\\laravel\\framework\\src\\Illuminate\\Cookie\\Middleware\\EncryptCookies.php(74): Illuminate\\Pipeline\\Pipeline->Illuminate\\Pipeline\\{closure}(Object(Illuminate\\Http\\Request))
#21 C:\\Users\\sharl\\repos\\pt_customerManagement_EC\\vendor\\laravel\\framework\\src\\Illuminate\\Pipeline\\Pipeline.php(208): Illuminate\\Cookie\\Middleware\\EncryptCookies->handle(Object(Illuminate\\Http\\Request), Object(Closure))
#22 C:\\Users\\sharl\\repos\\pt_customerManagement_EC\\vendor\\laravel\\framework\\src\\Illuminate\\Pipeline\\Pipeline.php(126): Illuminate\\Pipeline\\Pipeline->Illuminate\\Pipeline\\{closure}(Object(Illuminate\\Http\\Request))
#23 C:\\Users\\sharl\\repos\\pt_customerManagement_EC\\vendor\\laravel\\framework\\src\\Illuminate\\Routing\\Router.php(807): Illuminate\\Pipeline\\Pipeline->then(Object(Closure))
#24 C:\\Users\\sharl\\repos\\pt_customerManagement_EC\\vendor\\laravel\\framework\\src\\Illuminate\\Routing\\Router.php(786): Illuminate\\Routing\\Router->runRouteWithinStack(Object(Illuminate\\Routing\\Route), Object(Illuminate\\Http\\Request))
#25 C:\\Users\\sharl\\repos\\pt_customerManagement_EC\\vendor\\laravel\\framework\\src\\Illuminate\\Routing\\Router.php(750): Illuminate\\Routing\\Router->runRoute(Object(Illuminate\\Http\\Request), Object(Illuminate\\Routing\\Route))
#26 C:\\Users\\sharl\\repos\\pt_customerManagement_EC\\vendor\\laravel\\framework\\src\\Illuminate\\Routing\\Router.php(739): Illuminate\\Routing\\Router->dispatchToRoute(Object(Illuminate\\Http\\Request))
#27 C:\\Users\\sharl\\repos\\pt_customerManagement_EC\\vendor\\laravel\\framework\\src\\Illuminate\\Foundation\\Http\\Kernel.php(200): Illuminate\\Routing\\Router->dispatch(Object(Illuminate\\Http\\Request))
#28 C:\\Users\\sharl\\repos\\pt_customerManagement_EC\\vendor\\laravel\\framework\\src\\Illuminate\\Pipeline\\Pipeline.php(169): Illuminate\\Foundation\\Http\\Kernel->Illuminate\\Foundation\\Http\\{closure}(Object(Illuminate\\Http\\Request))
#29 C:\\Users\\sharl\\repos\\pt_customerManagement_EC\\vendor\\laravel\\framework\\src\\Illuminate\\Foundation\\Http\\Middleware\\TransformsRequest.php(21): Illuminate\\Pipeline\\Pipeline->Illuminate\\Pipeline\\{closure}(Object(Illuminate\\Http\\Request))
#30 C:\\Users\\sharl\\repos\\pt_customerManagement_EC\\vendor\\laravel\\framework\\src\\Illuminate\\Foundation\\Http\\Middleware\\ConvertEmptyStringsToNull.php(31): Illuminate\\Foundation\\Http\\Middleware\\TransformsRequest->handle(Object(Illuminate\\Http\\Request), Object(Closure))
#31 C:\\Users\\sharl\\repos\\pt_customerManagement_EC\\vendor\\laravel\\framework\\src\\Illuminate\\Pipeline\\Pipeline.php(208): Illuminate\\Foundation\\Http\\Middleware\\ConvertEmptyStringsToNull->handle(Object(Illuminate\\Http\\Request), Object(Closure))
#32 C:\\Users\\sharl\\repos\\pt_customerManagement_EC\\vendor\\laravel\\framework\\src\\Illuminate\\Foundation\\Http\\Middleware\\TransformsRequest.php(21): Illuminate\\Pipeline\\Pipeline->Illuminate\\Pipeline\\{closure}(Object(Illuminate\\Http\\Request))
#33 C:\\Users\\sharl\\repos\\pt_customerManagement_EC\\vendor\\laravel\\framework\\src\\Illuminate\\Foundation\\Http\\Middleware\\TrimStrings.php(51): Illuminate\\Foundation\\Http\\Middleware\\TransformsRequest->handle(Object(Illuminate\\Http\\Request), Object(Closure))
#34 C:\\Users\\sharl\\repos\\pt_customerManagement_EC\\vendor\\laravel\\framework\\src\\Illuminate\\Pipeline\\Pipeline.php(208): Illuminate\\Foundation\\Http\\Middleware\\TrimStrings->handle(Object(Illuminate\\Http\\Request), Object(Closure))
#35 C:\\Users\\sharl\\repos\\pt_customerManagement_EC\\vendor\\laravel\\framework\\src\\Illuminate\\Http\\Middleware\\ValidatePostSize.php(27): Illuminate\\Pipeline\\Pipeline->Illuminate\\Pipeline\\{closure}(Object(Illuminate\\Http\\Request))
#36 C:\\Users\\sharl\\repos\\pt_customerManagement_EC\\vendor\\laravel\\framework\\src\\Illuminate\\Pipeline\\Pipeline.php(208): Illuminate\\Http\\Middleware\\ValidatePostSize->handle(Object(Illuminate\\Http\\Request), Object(Closure))
#37 C:\\Users\\sharl\\repos\\pt_customerManagement_EC\\vendor\\laravel\\framework\\src\\Illuminate\\Foundation\\Http\\Middleware\\PreventRequestsDuringMaintenance.php(109): Illuminate\\Pipeline\\Pipeline->Illuminate\\Pipeline\\{closure}(Object(Illuminate\\Http\\Request))
#38 C:\\Users\\sharl\\repos\\pt_customerManagement_EC\\vendor\\laravel\\framework\\src\\Illuminate\\Pipeline\\Pipeline.php(208): Illuminate\\Foundation\\Http\\Middleware\\PreventRequestsDuringMaintenance->handle(Object(Illuminate\\Http\\Request), Object(Closure))
#39 C:\\Users\\sharl\\repos\\pt_customerManagement_EC\\vendor\\laravel\\framework\\src\\Illuminate\\Http\\Middleware\\HandleCors.php(48): Illuminate\\Pipeline\\Pipeline->Illuminate\\Pipeline\\{closure}(Object(Illuminate\\Http\\Request))
#40 C:\\Users\\sharl\\repos\\pt_customerManagement_EC\\vendor\\laravel\\framework\\src\\Illuminate\\Pipeline\\Pipeline.php(208): Illuminate\\Http\\Middleware\\HandleCors->handle(Object(Illuminate\\Http\\Request), Object(Closure))
#41 C:\\Users\\sharl\\repos\\pt_customerManagement_EC\\vendor\\laravel\\framework\\src\\Illuminate\\Http\\Middleware\\TrustProxies.php(58): Illuminate\\Pipeline\\Pipeline->Illuminate\\Pipeline\\{closure}(Object(Illuminate\\Http\\Request))
#42 C:\\Users\\sharl\\repos\\pt_customerManagement_EC\\vendor\\laravel\\framework\\src\\Illuminate\\Pipeline\\Pipeline.php(208): Illuminate\\Http\\Middleware\\TrustProxies->handle(Object(Illuminate\\Http\\Request), Object(Closure))
#43 C:\\Users\\sharl\\repos\\pt_customerManagement_EC\\vendor\\laravel\\framework\\src\\Illuminate\\Foundation\\Http\\Middleware\\InvokeDeferredCallbacks.php(22): Illuminate\\Pipeline\\Pipeline->Illuminate\\Pipeline\\{closure}(Object(Illuminate\\Http\\Request))
#44 C:\\Users\\sharl\\repos\\pt_customerManagement_EC\\vendor\\laravel\\framework\\src\\Illuminate\\Pipeline\\Pipeline.php(208): Illuminate\\Foundation\\Http\\Middleware\\InvokeDeferredCallbacks->handle(Object(Illuminate\\Http\\Request), Object(Closure))
#45 C:\\Users\\sharl\\repos\\pt_customerManagement_EC\\vendor\\laravel\\framework\\src\\Illuminate\\Http\\Middleware\\ValidatePathEncoding.php(26): Illuminate\\Pipeline\\Pipeline->Illuminate\\Pipeline\\{closure}(Object(Illuminate\\Http\\Request))
#46 C:\\Users\\sharl\\repos\\pt_customerManagement_EC\\vendor\\laravel\\framework\\src\\Illuminate\\Pipeline\\Pipeline.php(208): Illuminate\\Http\\Middleware\\ValidatePathEncoding->handle(Object(Illuminate\\Http\\Request), Object(Closure))
#47 C:\\Users\\sharl\\repos\\pt_customerManagement_EC\\vendor\\laravel\\framework\\src\\Illuminate\\Pipeline\\Pipeline.php(126): Illuminate\\Pipeline\\Pipeline->Illuminate\\Pipeline\\{closure}(Object(Illuminate\\Http\\Request))
#48 C:\\Users\\sharl\\repos\\pt_customerManagement_EC\\vendor\\laravel\\framework\\src\\Illuminate\\Foundation\\Http\\Kernel.php(175): Illuminate\\Pipeline\\Pipeline->then(Object(Closure))
#49 C:\\Users\\sharl\\repos\\pt_customerManagement_EC\\vendor\\laravel\\framework\\src\\Illuminate\\Foundation\\Http\\Kernel.php(144): Illuminate\\Foundation\\Http\\Kernel->sendRequestThroughRouter(Object(Illuminate\\Http\\Request))
#50 C:\\Users\\sharl\\repos\\pt_customerManagement_EC\\vendor\\laravel\\framework\\src\\Illuminate\\Foundation\\Application.php(1219): Illuminate\\Foundation\\Http\\Kernel->handle(Object(Illuminate\\Http\\Request))
#51 C:\\Users\\sharl\\repos\\pt_customerManagement_EC\\public\\index.php(20): Illuminate\\Foundation\\Application->handleRequest(Object(Illuminate\\Http\\Request))
#52 C:\\Users\\sharl\\repos\\pt_customerManagement_EC\\vendor\\laravel\\framework\\src\\Illuminate\\Foundation\\resources\\server.php(23): require_once('C:\\\\Users\\\\sharl\\\\...')
#53 {main}

[previous exception] [object] (PDOException(code: 3D000): SQLSTATE[3D000]: Invalid catalog name: 1046 No database selected at C:\\Users\\sharl\\repos\\pt_customerManagement_EC\\vendor\\laravel\\framework\\src\\Illuminate\\Database\\Connection.php:404)
[stacktrace]
#0 C:\\Users\\sharl\\repos\\pt_customerManagement_EC\\vendor\\laravel\\framework\\src\\Illuminate\\Database\\Connection.php(404): PDO->prepare('select * from `...')
#1 C:\\Users\\sharl\\repos\\pt_customerManagement_EC\\vendor\\laravel\\framework\\src\\Illuminate\\Database\\Connection.php(809): Illuminate\\Database\\Connection->Illuminate\\Database\\{closure}('select * from `...', Array)
#2 C:\\Users\\sharl\\repos\\pt_customerManagement_EC\\vendor\\laravel\\framework\\src\\Illuminate\\Database\\Connection.php(776): Illuminate\\Database\\Connection->runQueryCallback('select * from `...', Array, Object(Closure))
#3 C:\\Users\\sharl\\repos\\pt_customerManagement_EC\\vendor\\laravel\\framework\\src\\Illuminate\\Database\\Connection.php(395): Illuminate\\Database\\Connection->run('select * from `...', Array, Object(Closure))
#4 C:\\Users\\sharl\\repos\\pt_customerManagement_EC\\vendor\\laravel\\framework\\src\\Illuminate\\Database\\Query\\Builder.php(3131): Illuminate\\Database\\Connection->select('select * from `...', Array, false)
#5 C:\\Users\\sharl\\repos\\pt_customerManagement_EC\\vendor\\laravel\\framework\\src\\Illuminate\\Database\\Query\\Builder.php(3116): Illuminate\\Database\\Query\\Builder->runSelect()
#6 C:\\Users\\sharl\\repos\\pt_customerManagement_EC\\vendor\\laravel\\framework\\src\\Illuminate\\Database\\Query\\Builder.php(3706): Illuminate\\Database\\Query\\Builder->Illuminate\\Database\\Query\\{closure}()
#7 C:\\Users\\sharl\\repos\\pt_customerManagement_EC\\vendor\\laravel\\framework\\src\\Illuminate\\Database\\Query\\Builder.php(3115): Illuminate\\Database\\Query\\Builder->onceWithColumns(Array, Object(Closure))
#8 C:\\Users\\sharl\\repos\\pt_customerManagement_EC\\vendor\\laravel\\framework\\src\\Illuminate\\Database\\Concerns\\BuildsQueries.php(366): Illuminate\\Database\\Query\\Builder->get(Array)
#9 C:\\Users\\sharl\\repos\\pt_customerManagement_EC\\vendor\\laravel\\framework\\src\\Illuminate\\Database\\Query\\Builder.php(3038): Illuminate\\Database\\Query\\Builder->first(Array)
#10 C:\\Users\\sharl\\repos\\pt_customerManagement_EC\\vendor\\laravel\\framework\\src\\Illuminate\\Session\\DatabaseSessionHandler.php(96): Illuminate\\Database\\Query\\Builder->find('1U7CNMB6C7kEtWV...')
#11 C:\\Users\\sharl\\repos\\pt_customerManagement_EC\\vendor\\laravel\\framework\\src\\Illuminate\\Session\\Store.php(116): Illuminate\\Session\\DatabaseSessionHandler->read('1U7CNMB6C7kEtWV...')
#12 C:\\Users\\sharl\\repos\\pt_customerManagement_EC\\vendor\\laravel\\framework\\src\\Illuminate\\Session\\Store.php(104): Illuminate\\Session\\Store->readFromHandler()
#13 C:\\Users\\sharl\\repos\\pt_customerManagement_EC\\vendor\\laravel\\framework\\src\\Illuminate\\Session\\Store.php(88): Illuminate\\Session\\Store->loadSession()
#14 C:\\Users\\sharl\\repos\\pt_customerManagement_EC\\vendor\\laravel\\framework\\src\\Illuminate\\Session\\Middleware\\StartSession.php(146): Illuminate\\Session\\Store->start()
#15 C:\\Users\\sharl\\repos\\pt_customerManagement_EC\\vendor\\laravel\\framework\\src\\Illuminate\\Support\\helpers.php(399): Illuminate\\Session\\Middleware\\StartSession->Illuminate\\Session\\Middleware\\{closure}(Object(Illuminate\\Session\\Store))
#16 C:\\Users\\sharl\\repos\\pt_customerManagement_EC\\vendor\\laravel\\framework\\src\\Illuminate\\Session\\Middleware\\StartSession.php(143): tap(Object(Illuminate\\Session\\Store), Object(Closure))
#17 C:\\Users\\sharl\\repos\\pt_customerManagement_EC\\vendor\\laravel\\framework\\src\\Illuminate\\Session\\Middleware\\StartSession.php(115): Illuminate\\Session\\Middleware\\StartSession->startSession(Object(Illuminate\\Http\\Request), Object(Illuminate\\Session\\Store))
#18 C:\\Users\\sharl\\repos\\pt_customerManagement_EC\\vendor\\laravel\\framework\\src\\Illuminate\\Session\\Middleware\\StartSession.php(63): Illuminate\\Session\\Middleware\\StartSession->handleStatefulRequest(Object(Illuminate\\Http\\Request), Object(Illuminate\\Session\\Store), Object(Closure))
#19 C:\\Users\\sharl\\repos\\pt_customerManagement_EC\\vendor\\laravel\\framework\\src\\Illuminate\\Pipeline\\Pipeline.php(208): Illuminate\\Session\\Middleware\\StartSession->handle(Object(Illuminate\\Http\\Request), Object(Closure))
#20 C:\\Users\\sharl\\repos\\pt_customerManagement_EC\\vendor\\laravel\\framework\\src\\Illuminate\\Cookie\\Middleware\\AddQueuedCookiesToResponse.php(36): Illuminate\\Pipeline\\Pipeline->Illuminate\\Pipeline\\{closure}(Object(Illuminate\\Http\\Request))
#21 C:\\Users\\sharl\\repos\\pt_customerManagement_EC\\vendor\\laravel\\framework\\src\\Illuminate\\Pipeline\\Pipeline.php(208): Illuminate\\Cookie\\Middleware\\AddQueuedCookiesToResponse->handle(Object(Illuminate\\Http\\Request), Object(Closure))
#22 C:\\Users\\sharl\\repos\\pt_customerManagement_EC\\vendor\\laravel\\framework\\src\\Illuminate\\Cookie\\Middleware\\EncryptCookies.php(74): Illuminate\\Pipeline\\Pipeline->Illuminate\\Pipeline\\{closure}(Object(Illuminate\\Http\\Request))
#23 C:\\Users\\sharl\\repos\\pt_customerManagement_EC\\vendor\\laravel\\framework\\src\\Illuminate\\Pipeline\\Pipeline.php(208): Illuminate\\Cookie\\Middleware\\EncryptCookies->handle(Object(Illuminate\\Http\\Request), Object(Closure))
#24 C:\\Users\\sharl\\repos\\pt_customerManagement_EC\\vendor\\laravel\\framework\\src\\Illuminate\\Pipeline\\Pipeline.php(126): Illuminate\\Pipeline\\Pipeline->Illuminate\\Pipeline\\{closure}(Object(Illuminate\\Http\\Request))
#25 C:\\Users\\sharl\\repos\\pt_customerManagement_EC\\vendor\\laravel\\framework\\src\\Illuminate\\Routing\\Router.php(807): Illuminate\\Pipeline\\Pipeline->then(Object(Closure))
#26 C:\\Users\\sharl\\repos\\pt_customerManagement_EC\\vendor\\laravel\\framework\\src\\Illuminate\\Routing\\Router.php(786): Illuminate\\Routing\\Router->runRouteWithinStack(Object(Illuminate\\Routing\\Route), Object(Illuminate\\Http\\Request))
#27 C:\\Users\\sharl\\repos\\pt_customerManagement_EC\\vendor\\laravel\\framework\\src\\Illuminate\\Routing\\Router.php(750): Illuminate\\Routing\\Router->runRoute(Object(Illuminate\\Http\\Request), Object(Illuminate\\Routing\\Route))
#28 C:\\Users\\sharl\\repos\\pt_customerManagement_EC\\vendor\\laravel\\framework\\src\\Illuminate\\Routing\\Router.php(739): Illuminate\\Routing\\Router->dispatchToRoute(Object(Illuminate\\Http\\Request))
#29 C:\\Users\\sharl\\repos\\pt_customerManagement_EC\\vendor\\laravel\\framework\\src\\Illuminate\\Foundation\\Http\\Kernel.php(200): Illuminate\\Routing\\Router->dispatch(Object(Illuminate\\Http\\Request))
#30 C:\\Users\\sharl\\repos\\pt_customerManagement_EC\\vendor\\laravel\\framework\\src\\Illuminate\\Pipeline\\Pipeline.php(169): Illuminate\\Foundation\\Http\\Kernel->Illuminate\\Foundation\\Http\\{closure}(Object(Illuminate\\Http\\Request))
#31 C:\\Users\\sharl\\repos\\pt_customerManagement_EC\\vendor\\laravel\\framework\\src\\Illuminate\\Foundation\\Http\\Middleware\\TransformsRequest.php(21): Illuminate\\Pipeline\\Pipeline->Illuminate\\Pipeline\\{closure}(Object(Illuminate\\Http\\Request))
#32 C:\\Users\\sharl\\repos\\pt_customerManagement_EC\\vendor\\laravel\\framework\\src\\Illuminate\\Foundation\\Http\\Middleware\\ConvertEmptyStringsToNull.php(31): Illuminate\\Foundation\\Http\\Middleware\\TransformsRequest->handle(Object(Illuminate\\Http\\Request), Object(Closure))
#33 C:\\Users\\sharl\\repos\\pt_customerManagement_EC\\vendor\\laravel\\framework\\src\\Illuminate\\Pipeline\\Pipeline.php(208): Illuminate\\Foundation\\Http\\Middleware\\ConvertEmptyStringsToNull->handle(Object(Illuminate\\Http\\Request), Object(Closure))
#34 C:\\Users\\sharl\\repos\\pt_customerManagement_EC\\vendor\\laravel\\framework\\src\\Illuminate\\Foundation\\Http\\Middleware\\TransformsRequest.php(21): Illuminate\\Pipeline\\Pipeline->Illuminate\\Pipeline\\{closure}(Object(Illuminate\\Http\\Request))
#35 C:\\Users\\sharl\\repos\\pt_customerManagement_EC\\vendor\\laravel\\framework\\src\\Illuminate\\Foundation\\Http\\Middleware\\TrimStrings.php(51): Illuminate\\Foundation\\Http\\Middleware\\TransformsRequest->handle(Object(Illuminate\\Http\\Request), Object(Closure))
#36 C:\\Users\\sharl\\repos\\pt_customerManagement_EC\\vendor\\laravel\\framework\\src\\Illuminate\\Pipeline\\Pipeline.php(208): Illuminate\\Foundation\\Http\\Middleware\\TrimStrings->handle(Object(Illuminate\\Http\\Request), Object(Closure))
#37 C:\\Users\\sharl\\repos\\pt_customerManagement_EC\\vendor\\laravel\\framework\\src\\Illuminate\\Http\\Middleware\\ValidatePostSize.php(27): Illuminate\\Pipeline\\Pipeline->Illuminate\\Pipeline\\{closure}(Object(Illuminate\\Http\\Request))
#38 C:\\Users\\sharl\\repos\\pt_customerManagement_EC\\vendor\\laravel\\framework\\src\\Illuminate\\Pipeline\\Pipeline.php(208): Illuminate\\Http\\Middleware\\ValidatePostSize->handle(Object(Illuminate\\Http\\Request), Object(Closure))
#39 C:\\Users\\sharl\\repos\\pt_customerManagement_EC\\vendor\\laravel\\framework\\src\\Illuminate\\Foundation\\Http\\Middleware\\PreventRequestsDuringMaintenance.php(109): Illuminate\\Pipeline\\Pipeline->Illuminate\\Pipeline\\{closure}(Object(Illuminate\\Http\\Request))
#40 C:\\Users\\sharl\\repos\\pt_customerManagement_EC\\vendor\\laravel\\framework\\src\\Illuminate\\Pipeline\\Pipeline.php(208): Illuminate\\Foundation\\Http\\Middleware\\PreventRequestsDuringMaintenance->handle(Object(Illuminate\\Http\\Request), Object(Closure))
#41 C:\\Users\\sharl\\repos\\pt_customerManagement_EC\\vendor\\laravel\\framework\\src\\Illuminate\\Http\\Middleware\\HandleCors.php(48): Illuminate\\Pipeline\\Pipeline->Illuminate\\Pipeline\\{closure}(Object(Illuminate\\Http\\Request))
#42 C:\\Users\\sharl\\repos\\pt_customerManagement_EC\\vendor\\laravel\\framework\\src\\Illuminate\\Pipeline\\Pipeline.php(208): Illuminate\\Http\\Middleware\\HandleCors->handle(Object(Illuminate\\Http\\Request), Object(Closure))
#43 C:\\Users\\sharl\\repos\\pt_customerManagement_EC\\vendor\\laravel\\framework\\src\\Illuminate\\Http\\Middleware\\TrustProxies.php(58): Illuminate\\Pipeline\\Pipeline->Illuminate\\Pipeline\\{closure}(Object(Illuminate\\Http\\Request))
#44 C:\\Users\\sharl\\repos\\pt_customerManagement_EC\\vendor\\laravel\\framework\\src\\Illuminate\\Pipeline\\Pipeline.php(208): Illuminate\\Http\\Middleware\\TrustProxies->handle(Object(Illuminate\\Http\\Request), Object(Closure))
#45 C:\\Users\\sharl\\repos\\pt_customerManagement_EC\\vendor\\laravel\\framework\\src\\Illuminate\\Foundation\\Http\\Middleware\\InvokeDeferredCallbacks.php(22): Illuminate\\Pipeline\\Pipeline->Illuminate\\Pipeline\\{closure}(Object(Illuminate\\Http\\Request))
#46 C:\\Users\\sharl\\repos\\pt_customerManagement_EC\\vendor\\laravel\\framework\\src\\Illuminate\\Pipeline\\Pipeline.php(208): Illuminate\\Foundation\\Http\\Middleware\\InvokeDeferredCallbacks->handle(Object(Illuminate\\Http\\Request), Object(Closure))
#47 C:\\Users\\sharl\\repos\\pt_customerManagement_EC\\vendor\\laravel\\framework\\src\\Illuminate\\Http\\Middleware\\ValidatePathEncoding.php(26): Illuminate\\Pipeline\\Pipeline->Illuminate\\Pipeline\\{closure}(Object(Illuminate\\Http\\Request))
#48 C:\\Users\\sharl\\repos\\pt_customerManagement_EC\\vendor\\laravel\\framework\\src\\Illuminate\\Pipeline\\Pipeline.php(208): Illuminate\\Http\\Middleware\\ValidatePathEncoding->handle(Object(Illuminate\\Http\\Request), Object(Closure))
#49 C:\\Users\\sharl\\repos\\pt_customerManagement_EC\\vendor\\laravel\\framework\\src\\Illuminate\\Pipeline\\Pipeline.php(126): Illuminate\\Pipeline\\Pipeline->Illuminate\\Pipeline\\{closure}(Object(Illuminate\\Http\\Request))
#50 C:\\Users\\sharl\\repos\\pt_customerManagement_EC\\vendor\\laravel\\framework\\src\\Illuminate\\Foundation\\Http\\Kernel.php(175): Illuminate\\Pipeline\\Pipeline->then(Object(Closure))
#51 C:\\Users\\sharl\\repos\\pt_customerManagement_EC\\vendor\\laravel\\framework\\src\\Illuminate\\Foundation\\Http\\Kernel.php(144): Illuminate\\Foundation\\Http\\Kernel->sendRequestThroughRouter(Object(Illuminate\\Http\\Request))
#52 C:\\Users\\sharl\\repos\\pt_customerManagement_EC\\vendor\\laravel\\framework\\src\\Illuminate\\Foundation\\Application.php(1219): Illuminate\\Foundation\\Http\\Kernel->handle(Object(Illuminate\\Http\\Request))
#53 C:\\Users\\sharl\\repos\\pt_customerManagement_EC\\public\\index.php(20): Illuminate\\Foundation\\Application->handleRequest(Object(Illuminate\\Http\\Request))
#54 C:\\Users\\sharl\\repos\\pt_customerManagement_EC\\vendor\\laravel\\framework\\src\\Illuminate\\Foundation\\resources\\server.php(23): require_once('C:\\\\Users\\\\sharl\\\\...')
#55 {main}
"} 
[2025-07-19 16:07:26] local.ERROR: SQLSTATE[HY000] [1049] Unknown database 'essential_compositions' (Connection: mysql, SQL: select * from `sessions` where `id` = 5jIWhMiII1EAjN1DZYZCNG0AQTy65cggro58fonb limit 1) {"exception":"[object] (Illuminate\\Database\\QueryException(code: 1049): SQLSTATE[HY000] [1049] Unknown database 'essential_compositions' (Connection: mysql, SQL: select * from `sessions` where `id` = 5jIWhMiII1EAjN1DZYZCNG0AQTy65cggro58fonb limit 1) at C:\\Users\\sharl\\repos\\pt_customerManagement_EC\\vendor\\laravel\\framework\\src\\Illuminate\\Database\\Connection.php:822)
[stacktrace]
#0 C:\\Users\\sharl\\repos\\pt_customerManagement_EC\\vendor\\laravel\\framework\\src\\Illuminate\\Database\\Connection.php(776): Illuminate\\Database\\Connection->runQueryCallback('select * from `...', Array, Object(Closure))
#1 C:\\Users\\sharl\\repos\\pt_customerManagement_EC\\vendor\\laravel\\framework\\src\\Illuminate\\Database\\Connection.php(395): Illuminate\\Database\\Connection->run('select * from `...', Array, Object(Closure))
#2 C:\\Users\\sharl\\repos\\pt_customerManagement_EC\\vendor\\laravel\\framework\\src\\Illuminate\\Database\\Query\\Builder.php(3131): Illuminate\\Database\\Connection->select('select * from `...', Array, false)
#3 C:\\Users\\sharl\\repos\\pt_customerManagement_EC\\vendor\\laravel\\framework\\src\\Illuminate\\Database\\Query\\Builder.php(3116): Illuminate\\Database\\Query\\Builder->runSelect()
#4 C:\\Users\\sharl\\repos\\pt_customerManagement_EC\\vendor\\laravel\\framework\\src\\Illuminate\\Database\\Query\\Builder.php(3706): Illuminate\\Database\\Query\\Builder->Illuminate\\Database\\Query\\{closure}()
#5 C:\\Users\\sharl\\repos\\pt_customerManagement_EC\\vendor\\laravel\\framework\\src\\Illuminate\\Database\\Query\\Builder.php(3115): Illuminate\\Database\\Query\\Builder->onceWithColumns(Array, Object(Closure))
#6 C:\\Users\\sharl\\repos\\pt_customerManagement_EC\\vendor\\laravel\\framework\\src\\Illuminate\\Database\\Concerns\\BuildsQueries.php(366): Illuminate\\Database\\Query\\Builder->get(Array)
#7 C:\\Users\\sharl\\repos\\pt_customerManagement_EC\\vendor\\laravel\\framework\\src\\Illuminate\\Database\\Query\\Builder.php(3038): Illuminate\\Database\\Query\\Builder->first(Array)
#8 C:\\Users\\sharl\\repos\\pt_customerManagement_EC\\vendor\\laravel\\framework\\src\\Illuminate\\Session\\DatabaseSessionHandler.php(96): Illuminate\\Database\\Query\\Builder->find('5jIWhMiII1EAjN1...')
#9 C:\\Users\\sharl\\repos\\pt_customerManagement_EC\\vendor\\laravel\\framework\\src\\Illuminate\\Session\\Store.php(116): Illuminate\\Session\\DatabaseSessionHandler->read('5jIWhMiII1EAjN1...')
#10 C:\\Users\\sharl\\repos\\pt_customerManagement_EC\\vendor\\laravel\\framework\\src\\Illuminate\\Session\\Store.php(104): Illuminate\\Session\\Store->readFromHandler()
#11 C:\\Users\\sharl\\repos\\pt_customerManagement_EC\\vendor\\laravel\\framework\\src\\Illuminate\\Session\\Store.php(88): Illuminate\\Session\\Store->loadSession()
#12 C:\\Users\\sharl\\repos\\pt_customerManagement_EC\\vendor\\laravel\\framework\\src\\Illuminate\\Session\\Middleware\\StartSession.php(146): Illuminate\\Session\\Store->start()
#13 C:\\Users\\sharl\\repos\\pt_customerManagement_EC\\vendor\\laravel\\framework\\src\\Illuminate\\Support\\helpers.php(399): Illuminate\\Session\\Middleware\\StartSession->Illuminate\\Session\\Middleware\\{closure}(Object(Illuminate\\Session\\Store))
#14 C:\\Users\\sharl\\repos\\pt_customerManagement_EC\\vendor\\laravel\\framework\\src\\Illuminate\\Session\\Middleware\\StartSession.php(143): tap(Object(Illuminate\\Session\\Store), Object(Closure))
#15 C:\\Users\\sharl\\repos\\pt_customerManagement_EC\\vendor\\laravel\\framework\\src\\Illuminate\\Session\\Middleware\\StartSession.php(115): Illuminate\\Session\\Middleware\\StartSession->startSession(Object(Illuminate\\Http\\Request), Object(Illuminate\\Session\\Store))
#16 C:\\Users\\sharl\\repos\\pt_customerManagement_EC\\vendor\\laravel\\framework\\src\\Illuminate\\Session\\Middleware\\StartSession.php(63): Illuminate\\Session\\Middleware\\StartSession->handleStatefulRequest(Object(Illuminate\\Http\\Request), Object(Illuminate\\Session\\Store), Object(Closure))
#17 C:\\Users\\sharl\\repos\\pt_customerManagement_EC\\vendor\\laravel\\framework\\src\\Illuminate\\Pipeline\\Pipeline.php(208): Illuminate\\Session\\Middleware\\StartSession->handle(Object(Illuminate\\Http\\Request), Object(Closure))
#18 C:\\Users\\sharl\\repos\\pt_customerManagement_EC\\vendor\\laravel\\framework\\src\\Illuminate\\Cookie\\Middleware\\AddQueuedCookiesToResponse.php(36): Illuminate\\Pipeline\\Pipeline->Illuminate\\Pipeline\\{closure}(Object(Illuminate\\Http\\Request))
#19 C:\\Users\\sharl\\repos\\pt_customerManagement_EC\\vendor\\laravel\\framework\\src\\Illuminate\\Pipeline\\Pipeline.php(208): Illuminate\\Cookie\\Middleware\\AddQueuedCookiesToResponse->handle(Object(Illuminate\\Http\\Request), Object(Closure))
#20 C:\\Users\\sharl\\repos\\pt_customerManagement_EC\\vendor\\laravel\\framework\\src\\Illuminate\\Cookie\\Middleware\\EncryptCookies.php(74): Illuminate\\Pipeline\\Pipeline->Illuminate\\Pipeline\\{closure}(Object(Illuminate\\Http\\Request))
#21 C:\\Users\\sharl\\repos\\pt_customerManagement_EC\\vendor\\laravel\\framework\\src\\Illuminate\\Pipeline\\Pipeline.php(208): Illuminate\\Cookie\\Middleware\\EncryptCookies->handle(Object(Illuminate\\Http\\Request), Object(Closure))
#22 C:\\Users\\sharl\\repos\\pt_customerManagement_EC\\vendor\\laravel\\framework\\src\\Illuminate\\Pipeline\\Pipeline.php(126): Illuminate\\Pipeline\\Pipeline->Illuminate\\Pipeline\\{closure}(Object(Illuminate\\Http\\Request))
#23 C:\\Users\\sharl\\repos\\pt_customerManagement_EC\\vendor\\laravel\\framework\\src\\Illuminate\\Routing\\Router.php(807): Illuminate\\Pipeline\\Pipeline->then(Object(Closure))
#24 C:\\Users\\sharl\\repos\\pt_customerManagement_EC\\vendor\\laravel\\framework\\src\\Illuminate\\Routing\\Router.php(786): Illuminate\\Routing\\Router->runRouteWithinStack(Object(Illuminate\\Routing\\Route), Object(Illuminate\\Http\\Request))
#25 C:\\Users\\sharl\\repos\\pt_customerManagement_EC\\vendor\\laravel\\framework\\src\\Illuminate\\Routing\\Router.php(750): Illuminate\\Routing\\Router->runRoute(Object(Illuminate\\Http\\Request), Object(Illuminate\\Routing\\Route))
#26 C:\\Users\\sharl\\repos\\pt_customerManagement_EC\\vendor\\laravel\\framework\\src\\Illuminate\\Routing\\Router.php(739): Illuminate\\Routing\\Router->dispatchToRoute(Object(Illuminate\\Http\\Request))
#27 C:\\Users\\sharl\\repos\\pt_customerManagement_EC\\vendor\\laravel\\framework\\src\\Illuminate\\Foundation\\Http\\Kernel.php(200): Illuminate\\Routing\\Router->dispatch(Object(Illuminate\\Http\\Request))
#28 C:\\Users\\sharl\\repos\\pt_customerManagement_EC\\vendor\\laravel\\framework\\src\\Illuminate\\Pipeline\\Pipeline.php(169): Illuminate\\Foundation\\Http\\Kernel->Illuminate\\Foundation\\Http\\{closure}(Object(Illuminate\\Http\\Request))
#29 C:\\Users\\sharl\\repos\\pt_customerManagement_EC\\vendor\\laravel\\framework\\src\\Illuminate\\Foundation\\Http\\Middleware\\TransformsRequest.php(21): Illuminate\\Pipeline\\Pipeline->Illuminate\\Pipeline\\{closure}(Object(Illuminate\\Http\\Request))
#30 C:\\Users\\sharl\\repos\\pt_customerManagement_EC\\vendor\\laravel\\framework\\src\\Illuminate\\Foundation\\Http\\Middleware\\ConvertEmptyStringsToNull.php(31): Illuminate\\Foundation\\Http\\Middleware\\TransformsRequest->handle(Object(Illuminate\\Http\\Request), Object(Closure))
#31 C:\\Users\\sharl\\repos\\pt_customerManagement_EC\\vendor\\laravel\\framework\\src\\Illuminate\\Pipeline\\Pipeline.php(208): Illuminate\\Foundation\\Http\\Middleware\\ConvertEmptyStringsToNull->handle(Object(Illuminate\\Http\\Request), Object(Closure))
#32 C:\\Users\\sharl\\repos\\pt_customerManagement_EC\\vendor\\laravel\\framework\\src\\Illuminate\\Foundation\\Http\\Middleware\\TransformsRequest.php(21): Illuminate\\Pipeline\\Pipeline->Illuminate\\Pipeline\\{closure}(Object(Illuminate\\Http\\Request))
#33 C:\\Users\\sharl\\repos\\pt_customerManagement_EC\\vendor\\laravel\\framework\\src\\Illuminate\\Foundation\\Http\\Middleware\\TrimStrings.php(51): Illuminate\\Foundation\\Http\\Middleware\\TransformsRequest->handle(Object(Illuminate\\Http\\Request), Object(Closure))
#34 C:\\Users\\sharl\\repos\\pt_customerManagement_EC\\vendor\\laravel\\framework\\src\\Illuminate\\Pipeline\\Pipeline.php(208): Illuminate\\Foundation\\Http\\Middleware\\TrimStrings->handle(Object(Illuminate\\Http\\Request), Object(Closure))
#35 C:\\Users\\sharl\\repos\\pt_customerManagement_EC\\vendor\\laravel\\framework\\src\\Illuminate\\Http\\Middleware\\ValidatePostSize.php(27): Illuminate\\Pipeline\\Pipeline->Illuminate\\Pipeline\\{closure}(Object(Illuminate\\Http\\Request))
#36 C:\\Users\\sharl\\repos\\pt_customerManagement_EC\\vendor\\laravel\\framework\\src\\Illuminate\\Pipeline\\Pipeline.php(208): Illuminate\\Http\\Middleware\\ValidatePostSize->handle(Object(Illuminate\\Http\\Request), Object(Closure))
#37 C:\\Users\\sharl\\repos\\pt_customerManagement_EC\\vendor\\laravel\\framework\\src\\Illuminate\\Foundation\\Http\\Middleware\\PreventRequestsDuringMaintenance.php(109): Illuminate\\Pipeline\\Pipeline->Illuminate\\Pipeline\\{closure}(Object(Illuminate\\Http\\Request))
#38 C:\\Users\\sharl\\repos\\pt_customerManagement_EC\\vendor\\laravel\\framework\\src\\Illuminate\\Pipeline\\Pipeline.php(208): Illuminate\\Foundation\\Http\\Middleware\\PreventRequestsDuringMaintenance->handle(Object(Illuminate\\Http\\Request), Object(Closure))
#39 C:\\Users\\sharl\\repos\\pt_customerManagement_EC\\vendor\\laravel\\framework\\src\\Illuminate\\Http\\Middleware\\HandleCors.php(48): Illuminate\\Pipeline\\Pipeline->Illuminate\\Pipeline\\{closure}(Object(Illuminate\\Http\\Request))
#40 C:\\Users\\sharl\\repos\\pt_customerManagement_EC\\vendor\\laravel\\framework\\src\\Illuminate\\Pipeline\\Pipeline.php(208): Illuminate\\Http\\Middleware\\HandleCors->handle(Object(Illuminate\\Http\\Request), Object(Closure))
#41 C:\\Users\\sharl\\repos\\pt_customerManagement_EC\\vendor\\laravel\\framework\\src\\Illuminate\\Http\\Middleware\\TrustProxies.php(58): Illuminate\\Pipeline\\Pipeline->Illuminate\\Pipeline\\{closure}(Object(Illuminate\\Http\\Request))
#42 C:\\Users\\sharl\\repos\\pt_customerManagement_EC\\vendor\\laravel\\framework\\src\\Illuminate\\Pipeline\\Pipeline.php(208): Illuminate\\Http\\Middleware\\TrustProxies->handle(Object(Illuminate\\Http\\Request), Object(Closure))
#43 C:\\Users\\sharl\\repos\\pt_customerManagement_EC\\vendor\\laravel\\framework\\src\\Illuminate\\Foundation\\Http\\Middleware\\InvokeDeferredCallbacks.php(22): Illuminate\\Pipeline\\Pipeline->Illuminate\\Pipeline\\{closure}(Object(Illuminate\\Http\\Request))
#44 C:\\Users\\sharl\\repos\\pt_customerManagement_EC\\vendor\\laravel\\framework\\src\\Illuminate\\Pipeline\\Pipeline.php(208): Illuminate\\Foundation\\Http\\Middleware\\InvokeDeferredCallbacks->handle(Object(Illuminate\\Http\\Request), Object(Closure))
#45 C:\\Users\\sharl\\repos\\pt_customerManagement_EC\\vendor\\laravel\\framework\\src\\Illuminate\\Http\\Middleware\\ValidatePathEncoding.php(26): Illuminate\\Pipeline\\Pipeline->Illuminate\\Pipeline\\{closure}(Object(Illuminate\\Http\\Request))
#46 C:\\Users\\sharl\\repos\\pt_customerManagement_EC\\vendor\\laravel\\framework\\src\\Illuminate\\Pipeline\\Pipeline.php(208): Illuminate\\Http\\Middleware\\ValidatePathEncoding->handle(Object(Illuminate\\Http\\Request), Object(Closure))
#47 C:\\Users\\sharl\\repos\\pt_customerManagement_EC\\vendor\\laravel\\framework\\src\\Illuminate\\Pipeline\\Pipeline.php(126): Illuminate\\Pipeline\\Pipeline->Illuminate\\Pipeline\\{closure}(Object(Illuminate\\Http\\Request))
#48 C:\\Users\\sharl\\repos\\pt_customerManagement_EC\\vendor\\laravel\\framework\\src\\Illuminate\\Foundation\\Http\\Kernel.php(175): Illuminate\\Pipeline\\Pipeline->then(Object(Closure))
#49 C:\\Users\\sharl\\repos\\pt_customerManagement_EC\\vendor\\laravel\\framework\\src\\Illuminate\\Foundation\\Http\\Kernel.php(144): Illuminate\\Foundation\\Http\\Kernel->sendRequestThroughRouter(Object(Illuminate\\Http\\Request))
#50 C:\\Users\\sharl\\repos\\pt_customerManagement_EC\\vendor\\laravel\\framework\\src\\Illuminate\\Foundation\\Application.php(1219): Illuminate\\Foundation\\Http\\Kernel->handle(Object(Illuminate\\Http\\Request))
#51 C:\\Users\\sharl\\repos\\pt_customerManagement_EC\\public\\index.php(20): Illuminate\\Foundation\\Application->handleRequest(Object(Illuminate\\Http\\Request))
#52 C:\\Users\\sharl\\repos\\pt_customerManagement_EC\\vendor\\laravel\\framework\\src\\Illuminate\\Foundation\\resources\\server.php(23): require_once('C:\\\\Users\\\\sharl\\\\...')
#53 {main}

[previous exception] [object] (PDOException(code: 1049): SQLSTATE[HY000] [1049] Unknown database 'essential_compositions' at C:\\Users\\sharl\\repos\\pt_customerManagement_EC\\vendor\\laravel\\framework\\src\\Illuminate\\Database\\Connectors\\Connector.php:66)
[stacktrace]
#0 C:\\Users\\sharl\\repos\\pt_customerManagement_EC\\vendor\\laravel\\framework\\src\\Illuminate\\Database\\Connectors\\Connector.php(66): PDO->__construct('mysql:host=127....', 'root', Object(SensitiveParameterValue), Array)
#1 C:\\Users\\sharl\\repos\\pt_customerManagement_EC\\vendor\\laravel\\framework\\src\\Illuminate\\Database\\Connectors\\Connector.php(44): Illuminate\\Database\\Connectors\\Connector->createPdoConnection('mysql:host=127....', 'root', Object(SensitiveParameterValue), Array)
#2 C:\\Users\\sharl\\repos\\pt_customerManagement_EC\\vendor\\laravel\\framework\\src\\Illuminate\\Database\\Connectors\\MySqlConnector.php(24): Illuminate\\Database\\Connectors\\Connector->createConnection('mysql:host=127....', Array, Array)
#3 C:\\Users\\sharl\\repos\\pt_customerManagement_EC\\vendor\\laravel\\framework\\src\\Illuminate\\Database\\Connectors\\ConnectionFactory.php(184): Illuminate\\Database\\Connectors\\MySqlConnector->connect(Array)
#4 [internal function]: Illuminate\\Database\\Connectors\\ConnectionFactory->Illuminate\\Database\\Connectors\\{closure}()
#5 C:\\Users\\sharl\\repos\\pt_customerManagement_EC\\vendor\\laravel\\framework\\src\\Illuminate\\Database\\Connection.php(1228): call_user_func(Object(Closure))
#6 C:\\Users\\sharl\\repos\\pt_customerManagement_EC\\vendor\\laravel\\framework\\src\\Illuminate\\Database\\Connection.php(509): Illuminate\\Database\\Connection->getPdo()
#7 C:\\Users\\sharl\\repos\\pt_customerManagement_EC\\vendor\\laravel\\framework\\src\\Illuminate\\Database\\Connection.php(404): Illuminate\\Database\\Connection->getPdoForSelect(false)
#8 C:\\Users\\sharl\\repos\\pt_customerManagement_EC\\vendor\\laravel\\framework\\src\\Illuminate\\Database\\Connection.php(809): Illuminate\\Database\\Connection->Illuminate\\Database\\{closure}('select * from `...', Array)
#9 C:\\Users\\sharl\\repos\\pt_customerManagement_EC\\vendor\\laravel\\framework\\src\\Illuminate\\Database\\Connection.php(776): Illuminate\\Database\\Connection->runQueryCallback('select * from `...', Array, Object(Closure))
#10 C:\\Users\\sharl\\repos\\pt_customerManagement_EC\\vendor\\laravel\\framework\\src\\Illuminate\\Database\\Connection.php(395): Illuminate\\Database\\Connection->run('select * from `...', Array, Object(Closure))
#11 C:\\Users\\sharl\\repos\\pt_customerManagement_EC\\vendor\\laravel\\framework\\src\\Illuminate\\Database\\Query\\Builder.php(3131): Illuminate\\Database\\Connection->select('select * from `...', Array, false)
#12 C:\\Users\\sharl\\repos\\pt_customerManagement_EC\\vendor\\laravel\\framework\\src\\Illuminate\\Database\\Query\\Builder.php(3116): Illuminate\\Database\\Query\\Builder->runSelect()
#13 C:\\Users\\sharl\\repos\\pt_customerManagement_EC\\vendor\\laravel\\framework\\src\\Illuminate\\Database\\Query\\Builder.php(3706): Illuminate\\Database\\Query\\Builder->Illuminate\\Database\\Query\\{closure}()
#14 C:\\Users\\sharl\\repos\\pt_customerManagement_EC\\vendor\\laravel\\framework\\src\\Illuminate\\Database\\Query\\Builder.php(3115): Illuminate\\Database\\Query\\Builder->onceWithColumns(Array, Object(Closure))
#15 C:\\Users\\sharl\\repos\\pt_customerManagement_EC\\vendor\\laravel\\framework\\src\\Illuminate\\Database\\Concerns\\BuildsQueries.php(366): Illuminate\\Database\\Query\\Builder->get(Array)
#16 C:\\Users\\sharl\\repos\\pt_customerManagement_EC\\vendor\\laravel\\framework\\src\\Illuminate\\Database\\Query\\Builder.php(3038): Illuminate\\Database\\Query\\Builder->first(Array)
#17 C:\\Users\\sharl\\repos\\pt_customerManagement_EC\\vendor\\laravel\\framework\\src\\Illuminate\\Session\\DatabaseSessionHandler.php(96): Illuminate\\Database\\Query\\Builder->find('5jIWhMiII1EAjN1...')
#18 C:\\Users\\sharl\\repos\\pt_customerManagement_EC\\vendor\\laravel\\framework\\src\\Illuminate\\Session\\Store.php(116): Illuminate\\Session\\DatabaseSessionHandler->read('5jIWhMiII1EAjN1...')
#19 C:\\Users\\sharl\\repos\\pt_customerManagement_EC\\vendor\\laravel\\framework\\src\\Illuminate\\Session\\Store.php(104): Illuminate\\Session\\Store->readFromHandler()
#20 C:\\Users\\sharl\\repos\\pt_customerManagement_EC\\vendor\\laravel\\framework\\src\\Illuminate\\Session\\Store.php(88): Illuminate\\Session\\Store->loadSession()
#21 C:\\Users\\sharl\\repos\\pt_customerManagement_EC\\vendor\\laravel\\framework\\src\\Illuminate\\Session\\Middleware\\StartSession.php(146): Illuminate\\Session\\Store->start()
#22 C:\\Users\\sharl\\repos\\pt_customerManagement_EC\\vendor\\laravel\\framework\\src\\Illuminate\\Support\\helpers.php(399): Illuminate\\Session\\Middleware\\StartSession->Illuminate\\Session\\Middleware\\{closure}(Object(Illuminate\\Session\\Store))
#23 C:\\Users\\sharl\\repos\\pt_customerManagement_EC\\vendor\\laravel\\framework\\src\\Illuminate\\Session\\Middleware\\StartSession.php(143): tap(Object(Illuminate\\Session\\Store), Object(Closure))
#24 C:\\Users\\sharl\\repos\\pt_customerManagement_EC\\vendor\\laravel\\framework\\src\\Illuminate\\Session\\Middleware\\StartSession.php(115): Illuminate\\Session\\Middleware\\StartSession->startSession(Object(Illuminate\\Http\\Request), Object(Illuminate\\Session\\Store))
#25 C:\\Users\\sharl\\repos\\pt_customerManagement_EC\\vendor\\laravel\\framework\\src\\Illuminate\\Session\\Middleware\\StartSession.php(63): Illuminate\\Session\\Middleware\\StartSession->handleStatefulRequest(Object(Illuminate\\Http\\Request), Object(Illuminate\\Session\\Store), Object(Closure))
#26 C:\\Users\\sharl\\repos\\pt_customerManagement_EC\\vendor\\laravel\\framework\\src\\Illuminate\\Pipeline\\Pipeline.php(208): Illuminate\\Session\\Middleware\\StartSession->handle(Object(Illuminate\\Http\\Request), Object(Closure))
#27 C:\\Users\\sharl\\repos\\pt_customerManagement_EC\\vendor\\laravel\\framework\\src\\Illuminate\\Cookie\\Middleware\\AddQueuedCookiesToResponse.php(36): Illuminate\\Pipeline\\Pipeline->Illuminate\\Pipeline\\{closure}(Object(Illuminate\\Http\\Request))
#28 C:\\Users\\sharl\\repos\\pt_customerManagement_EC\\vendor\\laravel\\framework\\src\\Illuminate\\Pipeline\\Pipeline.php(208): Illuminate\\Cookie\\Middleware\\AddQueuedCookiesToResponse->handle(Object(Illuminate\\Http\\Request), Object(Closure))
#29 C:\\Users\\sharl\\repos\\pt_customerManagement_EC\\vendor\\laravel\\framework\\src\\Illuminate\\Cookie\\Middleware\\EncryptCookies.php(74): Illuminate\\Pipeline\\Pipeline->Illuminate\\Pipeline\\{closure}(Object(Illuminate\\Http\\Request))
#30 C:\\Users\\sharl\\repos\\pt_customerManagement_EC\\vendor\\laravel\\framework\\src\\Illuminate\\Pipeline\\Pipeline.php(208): Illuminate\\Cookie\\Middleware\\EncryptCookies->handle(Object(Illuminate\\Http\\Request), Object(Closure))
#31 C:\\Users\\sharl\\repos\\pt_customerManagement_EC\\vendor\\laravel\\framework\\src\\Illuminate\\Pipeline\\Pipeline.php(126): Illuminate\\Pipeline\\Pipeline->Illuminate\\Pipeline\\{closure}(Object(Illuminate\\Http\\Request))
#32 C:\\Users\\sharl\\repos\\pt_customerManagement_EC\\vendor\\laravel\\framework\\src\\Illuminate\\Routing\\Router.php(807): Illuminate\\Pipeline\\Pipeline->then(Object(Closure))
#33 C:\\Users\\sharl\\repos\\pt_customerManagement_EC\\vendor\\laravel\\framework\\src\\Illuminate\\Routing\\Router.php(786): Illuminate\\Routing\\Router->runRouteWithinStack(Object(Illuminate\\Routing\\Route), Object(Illuminate\\Http\\Request))
#34 C:\\Users\\sharl\\repos\\pt_customerManagement_EC\\vendor\\laravel\\framework\\src\\Illuminate\\Routing\\Router.php(750): Illuminate\\Routing\\Router->runRoute(Object(Illuminate\\Http\\Request), Object(Illuminate\\Routing\\Route))
#35 C:\\Users\\sharl\\repos\\pt_customerManagement_EC\\vendor\\laravel\\framework\\src\\Illuminate\\Routing\\Router.php(739): Illuminate\\Routing\\Router->dispatchToRoute(Object(Illuminate\\Http\\Request))
#36 C:\\Users\\sharl\\repos\\pt_customerManagement_EC\\vendor\\laravel\\framework\\src\\Illuminate\\Foundation\\Http\\Kernel.php(200): Illuminate\\Routing\\Router->dispatch(Object(Illuminate\\Http\\Request))
#37 C:\\Users\\sharl\\repos\\pt_customerManagement_EC\\vendor\\laravel\\framework\\src\\Illuminate\\Pipeline\\Pipeline.php(169): Illuminate\\Foundation\\Http\\Kernel->Illuminate\\Foundation\\Http\\{closure}(Object(Illuminate\\Http\\Request))
#38 C:\\Users\\sharl\\repos\\pt_customerManagement_EC\\vendor\\laravel\\framework\\src\\Illuminate\\Foundation\\Http\\Middleware\\TransformsRequest.php(21): Illuminate\\Pipeline\\Pipeline->Illuminate\\Pipeline\\{closure}(Object(Illuminate\\Http\\Request))
#39 C:\\Users\\sharl\\repos\\pt_customerManagement_EC\\vendor\\laravel\\framework\\src\\Illuminate\\Foundation\\Http\\Middleware\\ConvertEmptyStringsToNull.php(31): Illuminate\\Foundation\\Http\\Middleware\\TransformsRequest->handle(Object(Illuminate\\Http\\Request), Object(Closure))
#40 C:\\Users\\sharl\\repos\\pt_customerManagement_EC\\vendor\\laravel\\framework\\src\\Illuminate\\Pipeline\\Pipeline.php(208): Illuminate\\Foundation\\Http\\Middleware\\ConvertEmptyStringsToNull->handle(Object(Illuminate\\Http\\Request), Object(Closure))
#41 C:\\Users\\sharl\\repos\\pt_customerManagement_EC\\vendor\\laravel\\framework\\src\\Illuminate\\Foundation\\Http\\Middleware\\TransformsRequest.php(21): Illuminate\\Pipeline\\Pipeline->Illuminate\\Pipeline\\{closure}(Object(Illuminate\\Http\\Request))
#42 C:\\Users\\sharl\\repos\\pt_customerManagement_EC\\vendor\\laravel\\framework\\src\\Illuminate\\Foundation\\Http\\Middleware\\TrimStrings.php(51): Illuminate\\Foundation\\Http\\Middleware\\TransformsRequest->handle(Object(Illuminate\\Http\\Request), Object(Closure))
#43 C:\\Users\\sharl\\repos\\pt_customerManagement_EC\\vendor\\laravel\\framework\\src\\Illuminate\\Pipeline\\Pipeline.php(208): Illuminate\\Foundation\\Http\\Middleware\\TrimStrings->handle(Object(Illuminate\\Http\\Request), Object(Closure))
#44 C:\\Users\\sharl\\repos\\pt_customerManagement_EC\\vendor\\laravel\\framework\\src\\Illuminate\\Http\\Middleware\\ValidatePostSize.php(27): Illuminate\\Pipeline\\Pipeline->Illuminate\\Pipeline\\{closure}(Object(Illuminate\\Http\\Request))
#45 C:\\Users\\sharl\\repos\\pt_customerManagement_EC\\vendor\\laravel\\framework\\src\\Illuminate\\Pipeline\\Pipeline.php(208): Illuminate\\Http\\Middleware\\ValidatePostSize->handle(Object(Illuminate\\Http\\Request), Object(Closure))
#46 C:\\Users\\sharl\\repos\\pt_customerManagement_EC\\vendor\\laravel\\framework\\src\\Illuminate\\Foundation\\Http\\Middleware\\PreventRequestsDuringMaintenance.php(109): Illuminate\\Pipeline\\Pipeline->Illuminate\\Pipeline\\{closure}(Object(Illuminate\\Http\\Request))
#47 C:\\Users\\sharl\\repos\\pt_customerManagement_EC\\vendor\\laravel\\framework\\src\\Illuminate\\Pipeline\\Pipeline.php(208): Illuminate\\Foundation\\Http\\Middleware\\PreventRequestsDuringMaintenance->handle(Object(Illuminate\\Http\\Request), Object(Closure))
#48 C:\\Users\\sharl\\repos\\pt_customerManagement_EC\\vendor\\laravel\\framework\\src\\Illuminate\\Http\\Middleware\\HandleCors.php(48): Illuminate\\Pipeline\\Pipeline->Illuminate\\Pipeline\\{closure}(Object(Illuminate\\Http\\Request))
#49 C:\\Users\\sharl\\repos\\pt_customerManagement_EC\\vendor\\laravel\\framework\\src\\Illuminate\\Pipeline\\Pipeline.php(208): Illuminate\\Http\\Middleware\\HandleCors->handle(Object(Illuminate\\Http\\Request), Object(Closure))
#50 C:\\Users\\sharl\\repos\\pt_customerManagement_EC\\vendor\\laravel\\framework\\src\\Illuminate\\Http\\Middleware\\TrustProxies.php(58): Illuminate\\Pipeline\\Pipeline->Illuminate\\Pipeline\\{closure}(Object(Illuminate\\Http\\Request))
#51 C:\\Users\\sharl\\repos\\pt_customerManagement_EC\\vendor\\laravel\\framework\\src\\Illuminate\\Pipeline\\Pipeline.php(208): Illuminate\\Http\\Middleware\\TrustProxies->handle(Object(Illuminate\\Http\\Request), Object(Closure))
#52 C:\\Users\\sharl\\repos\\pt_customerManagement_EC\\vendor\\laravel\\framework\\src\\Illuminate\\Foundation\\Http\\Middleware\\InvokeDeferredCallbacks.php(22): Illuminate\\Pipeline\\Pipeline->Illuminate\\Pipeline\\{closure}(Object(Illuminate\\Http\\Request))
#53 C:\\Users\\sharl\\repos\\pt_customerManagement_EC\\vendor\\laravel\\framework\\src\\Illuminate\\Pipeline\\Pipeline.php(208): Illuminate\\Foundation\\Http\\Middleware\\InvokeDeferredCallbacks->handle(Object(Illuminate\\Http\\Request), Object(Closure))
#54 C:\\Users\\sharl\\repos\\pt_customerManagement_EC\\vendor\\laravel\\framework\\src\\Illuminate\\Http\\Middleware\\ValidatePathEncoding.php(26): Illuminate\\Pipeline\\Pipeline->Illuminate\\Pipeline\\{closure}(Object(Illuminate\\Http\\Request))
#55 C:\\Users\\sharl\\repos\\pt_customerManagement_EC\\vendor\\laravel\\framework\\src\\Illuminate\\Pipeline\\Pipeline.php(208): Illuminate\\Http\\Middleware\\ValidatePathEncoding->handle(Object(Illuminate\\Http\\Request), Object(Closure))
#56 C:\\Users\\sharl\\repos\\pt_customerManagement_EC\\vendor\\laravel\\framework\\src\\Illuminate\\Pipeline\\Pipeline.php(126): Illuminate\\Pipeline\\Pipeline->Illuminate\\Pipeline\\{closure}(Object(Illuminate\\Http\\Request))
#57 C:\\Users\\sharl\\repos\\pt_customerManagement_EC\\vendor\\laravel\\framework\\src\\Illuminate\\Foundation\\Http\\Kernel.php(175): Illuminate\\Pipeline\\Pipeline->then(Object(Closure))
#58 C:\\Users\\sharl\\repos\\pt_customerManagement_EC\\vendor\\laravel\\framework\\src\\Illuminate\\Foundation\\Http\\Kernel.php(144): Illuminate\\Foundation\\Http\\Kernel->sendRequestThroughRouter(Object(Illuminate\\Http\\Request))
#59 C:\\Users\\sharl\\repos\\pt_customerManagement_EC\\vendor\\laravel\\framework\\src\\Illuminate\\Foundation\\Application.php(1219): Illuminate\\Foundation\\Http\\Kernel->handle(Object(Illuminate\\Http\\Request))
#60 C:\\Users\\sharl\\repos\\pt_customerManagement_EC\\public\\index.php(20): Illuminate\\Foundation\\Application->handleRequest(Object(Illuminate\\Http\\Request))
#61 C:\\Users\\sharl\\repos\\pt_customerManagement_EC\\vendor\\laravel\\framework\\src\\Illuminate\\Foundation\\resources\\server.php(23): require_once('C:\\\\Users\\\\sharl\\\\...')
#62 {main}
"} 
[2025-07-19 16:07:27] local.ERROR: SQLSTATE[HY000] [1049] Unknown database 'essential_compositions' (Connection: mysql, SQL: select * from `sessions` where `id` = Ct8YZjI0gBXj6rLOEAUmM9G1NgBmfvUPaBJLFvwh limit 1) {"exception":"[object] (Illuminate\\Database\\QueryException(code: 1049): SQLSTATE[HY000] [1049] Unknown database 'essential_compositions' (Connection: mysql, SQL: select * from `sessions` where `id` = Ct8YZjI0gBXj6rLOEAUmM9G1NgBmfvUPaBJLFvwh limit 1) at C:\\Users\\sharl\\repos\\pt_customerManagement_EC\\vendor\\laravel\\framework\\src\\Illuminate\\Database\\Connection.php:822)
[stacktrace]
#0 C:\\Users\\sharl\\repos\\pt_customerManagement_EC\\vendor\\laravel\\framework\\src\\Illuminate\\Database\\Connection.php(776): Illuminate\\Database\\Connection->runQueryCallback('select * from `...', Array, Object(Closure))
#1 C:\\Users\\sharl\\repos\\pt_customerManagement_EC\\vendor\\laravel\\framework\\src\\Illuminate\\Database\\Connection.php(395): Illuminate\\Database\\Connection->run('select * from `...', Array, Object(Closure))
#2 C:\\Users\\sharl\\repos\\pt_customerManagement_EC\\vendor\\laravel\\framework\\src\\Illuminate\\Database\\Query\\Builder.php(3131): Illuminate\\Database\\Connection->select('select * from `...', Array, false)
#3 C:\\Users\\sharl\\repos\\pt_customerManagement_EC\\vendor\\laravel\\framework\\src\\Illuminate\\Database\\Query\\Builder.php(3116): Illuminate\\Database\\Query\\Builder->runSelect()
#4 C:\\Users\\sharl\\repos\\pt_customerManagement_EC\\vendor\\laravel\\framework\\src\\Illuminate\\Database\\Query\\Builder.php(3706): Illuminate\\Database\\Query\\Builder->Illuminate\\Database\\Query\\{closure}()
#5 C:\\Users\\sharl\\repos\\pt_customerManagement_EC\\vendor\\laravel\\framework\\src\\Illuminate\\Database\\Query\\Builder.php(3115): Illuminate\\Database\\Query\\Builder->onceWithColumns(Array, Object(Closure))
#6 C:\\Users\\sharl\\repos\\pt_customerManagement_EC\\vendor\\laravel\\framework\\src\\Illuminate\\Database\\Concerns\\BuildsQueries.php(366): Illuminate\\Database\\Query\\Builder->get(Array)
#7 C:\\Users\\sharl\\repos\\pt_customerManagement_EC\\vendor\\laravel\\framework\\src\\Illuminate\\Database\\Query\\Builder.php(3038): Illuminate\\Database\\Query\\Builder->first(Array)
#8 C:\\Users\\sharl\\repos\\pt_customerManagement_EC\\vendor\\laravel\\framework\\src\\Illuminate\\Session\\DatabaseSessionHandler.php(96): Illuminate\\Database\\Query\\Builder->find('Ct8YZjI0gBXj6rL...')
#9 C:\\Users\\sharl\\repos\\pt_customerManagement_EC\\vendor\\laravel\\framework\\src\\Illuminate\\Session\\Store.php(116): Illuminate\\Session\\DatabaseSessionHandler->read('Ct8YZjI0gBXj6rL...')
#10 C:\\Users\\sharl\\repos\\pt_customerManagement_EC\\vendor\\laravel\\framework\\src\\Illuminate\\Session\\Store.php(104): Illuminate\\Session\\Store->readFromHandler()
#11 C:\\Users\\sharl\\repos\\pt_customerManagement_EC\\vendor\\laravel\\framework\\src\\Illuminate\\Session\\Store.php(88): Illuminate\\Session\\Store->loadSession()
#12 C:\\Users\\sharl\\repos\\pt_customerManagement_EC\\vendor\\laravel\\framework\\src\\Illuminate\\Session\\Middleware\\StartSession.php(146): Illuminate\\Session\\Store->start()
#13 C:\\Users\\sharl\\repos\\pt_customerManagement_EC\\vendor\\laravel\\framework\\src\\Illuminate\\Support\\helpers.php(399): Illuminate\\Session\\Middleware\\StartSession->Illuminate\\Session\\Middleware\\{closure}(Object(Illuminate\\Session\\Store))
#14 C:\\Users\\sharl\\repos\\pt_customerManagement_EC\\vendor\\laravel\\framework\\src\\Illuminate\\Session\\Middleware\\StartSession.php(143): tap(Object(Illuminate\\Session\\Store), Object(Closure))
#15 C:\\Users\\sharl\\repos\\pt_customerManagement_EC\\vendor\\laravel\\framework\\src\\Illuminate\\Session\\Middleware\\StartSession.php(115): Illuminate\\Session\\Middleware\\StartSession->startSession(Object(Illuminate\\Http\\Request), Object(Illuminate\\Session\\Store))
#16 C:\\Users\\sharl\\repos\\pt_customerManagement_EC\\vendor\\laravel\\framework\\src\\Illuminate\\Session\\Middleware\\StartSession.php(63): Illuminate\\Session\\Middleware\\StartSession->handleStatefulRequest(Object(Illuminate\\Http\\Request), Object(Illuminate\\Session\\Store), Object(Closure))
#17 C:\\Users\\sharl\\repos\\pt_customerManagement_EC\\vendor\\laravel\\framework\\src\\Illuminate\\Pipeline\\Pipeline.php(208): Illuminate\\Session\\Middleware\\StartSession->handle(Object(Illuminate\\Http\\Request), Object(Closure))
#18 C:\\Users\\sharl\\repos\\pt_customerManagement_EC\\vendor\\laravel\\framework\\src\\Illuminate\\Cookie\\Middleware\\AddQueuedCookiesToResponse.php(36): Illuminate\\Pipeline\\Pipeline->Illuminate\\Pipeline\\{closure}(Object(Illuminate\\Http\\Request))
#19 C:\\Users\\sharl\\repos\\pt_customerManagement_EC\\vendor\\laravel\\framework\\src\\Illuminate\\Pipeline\\Pipeline.php(208): Illuminate\\Cookie\\Middleware\\AddQueuedCookiesToResponse->handle(Object(Illuminate\\Http\\Request), Object(Closure))
#20 C:\\Users\\sharl\\repos\\pt_customerManagement_EC\\vendor\\laravel\\framework\\src\\Illuminate\\Cookie\\Middleware\\EncryptCookies.php(74): Illuminate\\Pipeline\\Pipeline->Illuminate\\Pipeline\\{closure}(Object(Illuminate\\Http\\Request))
#21 C:\\Users\\sharl\\repos\\pt_customerManagement_EC\\vendor\\laravel\\framework\\src\\Illuminate\\Pipeline\\Pipeline.php(208): Illuminate\\Cookie\\Middleware\\EncryptCookies->handle(Object(Illuminate\\Http\\Request), Object(Closure))
#22 C:\\Users\\sharl\\repos\\pt_customerManagement_EC\\vendor\\laravel\\framework\\src\\Illuminate\\Pipeline\\Pipeline.php(126): Illuminate\\Pipeline\\Pipeline->Illuminate\\Pipeline\\{closure}(Object(Illuminate\\Http\\Request))
#23 C:\\Users\\sharl\\repos\\pt_customerManagement_EC\\vendor\\laravel\\framework\\src\\Illuminate\\Routing\\Router.php(807): Illuminate\\Pipeline\\Pipeline->then(Object(Closure))
#24 C:\\Users\\sharl\\repos\\pt_customerManagement_EC\\vendor\\laravel\\framework\\src\\Illuminate\\Routing\\Router.php(786): Illuminate\\Routing\\Router->runRouteWithinStack(Object(Illuminate\\Routing\\Route), Object(Illuminate\\Http\\Request))
#25 C:\\Users\\sharl\\repos\\pt_customerManagement_EC\\vendor\\laravel\\framework\\src\\Illuminate\\Routing\\Router.php(750): Illuminate\\Routing\\Router->runRoute(Object(Illuminate\\Http\\Request), Object(Illuminate\\Routing\\Route))
#26 C:\\Users\\sharl\\repos\\pt_customerManagement_EC\\vendor\\laravel\\framework\\src\\Illuminate\\Routing\\Router.php(739): Illuminate\\Routing\\Router->dispatchToRoute(Object(Illuminate\\Http\\Request))
#27 C:\\Users\\sharl\\repos\\pt_customerManagement_EC\\vendor\\laravel\\framework\\src\\Illuminate\\Foundation\\Http\\Kernel.php(200): Illuminate\\Routing\\Router->dispatch(Object(Illuminate\\Http\\Request))
#28 C:\\Users\\sharl\\repos\\pt_customerManagement_EC\\vendor\\laravel\\framework\\src\\Illuminate\\Pipeline\\Pipeline.php(169): Illuminate\\Foundation\\Http\\Kernel->Illuminate\\Foundation\\Http\\{closure}(Object(Illuminate\\Http\\Request))
#29 C:\\Users\\sharl\\repos\\pt_customerManagement_EC\\vendor\\laravel\\framework\\src\\Illuminate\\Foundation\\Http\\Middleware\\TransformsRequest.php(21): Illuminate\\Pipeline\\Pipeline->Illuminate\\Pipeline\\{closure}(Object(Illuminate\\Http\\Request))
#30 C:\\Users\\sharl\\repos\\pt_customerManagement_EC\\vendor\\laravel\\framework\\src\\Illuminate\\Foundation\\Http\\Middleware\\ConvertEmptyStringsToNull.php(31): Illuminate\\Foundation\\Http\\Middleware\\TransformsRequest->handle(Object(Illuminate\\Http\\Request), Object(Closure))
#31 C:\\Users\\sharl\\repos\\pt_customerManagement_EC\\vendor\\laravel\\framework\\src\\Illuminate\\Pipeline\\Pipeline.php(208): Illuminate\\Foundation\\Http\\Middleware\\ConvertEmptyStringsToNull->handle(Object(Illuminate\\Http\\Request), Object(Closure))
#32 C:\\Users\\sharl\\repos\\pt_customerManagement_EC\\vendor\\laravel\\framework\\src\\Illuminate\\Foundation\\Http\\Middleware\\TransformsRequest.php(21): Illuminate\\Pipeline\\Pipeline->Illuminate\\Pipeline\\{closure}(Object(Illuminate\\Http\\Request))
#33 C:\\Users\\sharl\\repos\\pt_customerManagement_EC\\vendor\\laravel\\framework\\src\\Illuminate\\Foundation\\Http\\Middleware\\TrimStrings.php(51): Illuminate\\Foundation\\Http\\Middleware\\TransformsRequest->handle(Object(Illuminate\\Http\\Request), Object(Closure))
#34 C:\\Users\\sharl\\repos\\pt_customerManagement_EC\\vendor\\laravel\\framework\\src\\Illuminate\\Pipeline\\Pipeline.php(208): Illuminate\\Foundation\\Http\\Middleware\\TrimStrings->handle(Object(Illuminate\\Http\\Request), Object(Closure))
#35 C:\\Users\\sharl\\repos\\pt_customerManagement_EC\\vendor\\laravel\\framework\\src\\Illuminate\\Http\\Middleware\\ValidatePostSize.php(27): Illuminate\\Pipeline\\Pipeline->Illuminate\\Pipeline\\{closure}(Object(Illuminate\\Http\\Request))
#36 C:\\Users\\sharl\\repos\\pt_customerManagement_EC\\vendor\\laravel\\framework\\src\\Illuminate\\Pipeline\\Pipeline.php(208): Illuminate\\Http\\Middleware\\ValidatePostSize->handle(Object(Illuminate\\Http\\Request), Object(Closure))
#37 C:\\Users\\sharl\\repos\\pt_customerManagement_EC\\vendor\\laravel\\framework\\src\\Illuminate\\Foundation\\Http\\Middleware\\PreventRequestsDuringMaintenance.php(109): Illuminate\\Pipeline\\Pipeline->Illuminate\\Pipeline\\{closure}(Object(Illuminate\\Http\\Request))
#38 C:\\Users\\sharl\\repos\\pt_customerManagement_EC\\vendor\\laravel\\framework\\src\\Illuminate\\Pipeline\\Pipeline.php(208): Illuminate\\Foundation\\Http\\Middleware\\PreventRequestsDuringMaintenance->handle(Object(Illuminate\\Http\\Request), Object(Closure))
#39 C:\\Users\\sharl\\repos\\pt_customerManagement_EC\\vendor\\laravel\\framework\\src\\Illuminate\\Http\\Middleware\\HandleCors.php(48): Illuminate\\Pipeline\\Pipeline->Illuminate\\Pipeline\\{closure}(Object(Illuminate\\Http\\Request))
#40 C:\\Users\\sharl\\repos\\pt_customerManagement_EC\\vendor\\laravel\\framework\\src\\Illuminate\\Pipeline\\Pipeline.php(208): Illuminate\\Http\\Middleware\\HandleCors->handle(Object(Illuminate\\Http\\Request), Object(Closure))
#41 C:\\Users\\sharl\\repos\\pt_customerManagement_EC\\vendor\\laravel\\framework\\src\\Illuminate\\Http\\Middleware\\TrustProxies.php(58): Illuminate\\Pipeline\\Pipeline->Illuminate\\Pipeline\\{closure}(Object(Illuminate\\Http\\Request))
#42 C:\\Users\\sharl\\repos\\pt_customerManagement_EC\\vendor\\laravel\\framework\\src\\Illuminate\\Pipeline\\Pipeline.php(208): Illuminate\\Http\\Middleware\\TrustProxies->handle(Object(Illuminate\\Http\\Request), Object(Closure))
#43 C:\\Users\\sharl\\repos\\pt_customerManagement_EC\\vendor\\laravel\\framework\\src\\Illuminate\\Foundation\\Http\\Middleware\\InvokeDeferredCallbacks.php(22): Illuminate\\Pipeline\\Pipeline->Illuminate\\Pipeline\\{closure}(Object(Illuminate\\Http\\Request))
#44 C:\\Users\\sharl\\repos\\pt_customerManagement_EC\\vendor\\laravel\\framework\\src\\Illuminate\\Pipeline\\Pipeline.php(208): Illuminate\\Foundation\\Http\\Middleware\\InvokeDeferredCallbacks->handle(Object(Illuminate\\Http\\Request), Object(Closure))
#45 C:\\Users\\sharl\\repos\\pt_customerManagement_EC\\vendor\\laravel\\framework\\src\\Illuminate\\Http\\Middleware\\ValidatePathEncoding.php(26): Illuminate\\Pipeline\\Pipeline->Illuminate\\Pipeline\\{closure}(Object(Illuminate\\Http\\Request))
#46 C:\\Users\\sharl\\repos\\pt_customerManagement_EC\\vendor\\laravel\\framework\\src\\Illuminate\\Pipeline\\Pipeline.php(208): Illuminate\\Http\\Middleware\\ValidatePathEncoding->handle(Object(Illuminate\\Http\\Request), Object(Closure))
#47 C:\\Users\\sharl\\repos\\pt_customerManagement_EC\\vendor\\laravel\\framework\\src\\Illuminate\\Pipeline\\Pipeline.php(126): Illuminate\\Pipeline\\Pipeline->Illuminate\\Pipeline\\{closure}(Object(Illuminate\\Http\\Request))
#48 C:\\Users\\sharl\\repos\\pt_customerManagement_EC\\vendor\\laravel\\framework\\src\\Illuminate\\Foundation\\Http\\Kernel.php(175): Illuminate\\Pipeline\\Pipeline->then(Object(Closure))
#49 C:\\Users\\sharl\\repos\\pt_customerManagement_EC\\vendor\\laravel\\framework\\src\\Illuminate\\Foundation\\Http\\Kernel.php(144): Illuminate\\Foundation\\Http\\Kernel->sendRequestThroughRouter(Object(Illuminate\\Http\\Request))
#50 C:\\Users\\sharl\\repos\\pt_customerManagement_EC\\vendor\\laravel\\framework\\src\\Illuminate\\Foundation\\Application.php(1219): Illuminate\\Foundation\\Http\\Kernel->handle(Object(Illuminate\\Http\\Request))
#51 C:\\Users\\sharl\\repos\\pt_customerManagement_EC\\public\\index.php(20): Illuminate\\Foundation\\Application->handleRequest(Object(Illuminate\\Http\\Request))
#52 C:\\Users\\sharl\\repos\\pt_customerManagement_EC\\vendor\\laravel\\framework\\src\\Illuminate\\Foundation\\resources\\server.php(23): require_once('C:\\\\Users\\\\sharl\\\\...')
#53 {main}

[previous exception] [object] (PDOException(code: 1049): SQLSTATE[HY000] [1049] Unknown database 'essential_compositions' at C:\\Users\\sharl\\repos\\pt_customerManagement_EC\\vendor\\laravel\\framework\\src\\Illuminate\\Database\\Connectors\\Connector.php:66)
[stacktrace]
#0 C:\\Users\\sharl\\repos\\pt_customerManagement_EC\\vendor\\laravel\\framework\\src\\Illuminate\\Database\\Connectors\\Connector.php(66): PDO->__construct('mysql:host=127....', 'root', Object(SensitiveParameterValue), Array)
#1 C:\\Users\\sharl\\repos\\pt_customerManagement_EC\\vendor\\laravel\\framework\\src\\Illuminate\\Database\\Connectors\\Connector.php(44): Illuminate\\Database\\Connectors\\Connector->createPdoConnection('mysql:host=127....', 'root', Object(SensitiveParameterValue), Array)
#2 C:\\Users\\sharl\\repos\\pt_customerManagement_EC\\vendor\\laravel\\framework\\src\\Illuminate\\Database\\Connectors\\MySqlConnector.php(24): Illuminate\\Database\\Connectors\\Connector->createConnection('mysql:host=127....', Array, Array)
#3 C:\\Users\\sharl\\repos\\pt_customerManagement_EC\\vendor\\laravel\\framework\\src\\Illuminate\\Database\\Connectors\\ConnectionFactory.php(184): Illuminate\\Database\\Connectors\\MySqlConnector->connect(Array)
#4 [internal function]: Illuminate\\Database\\Connectors\\ConnectionFactory->Illuminate\\Database\\Connectors\\{closure}()
#5 C:\\Users\\sharl\\repos\\pt_customerManagement_EC\\vendor\\laravel\\framework\\src\\Illuminate\\Database\\Connection.php(1228): call_user_func(Object(Closure))
#6 C:\\Users\\sharl\\repos\\pt_customerManagement_EC\\vendor\\laravel\\framework\\src\\Illuminate\\Database\\Connection.php(509): Illuminate\\Database\\Connection->getPdo()
#7 C:\\Users\\sharl\\repos\\pt_customerManagement_EC\\vendor\\laravel\\framework\\src\\Illuminate\\Database\\Connection.php(404): Illuminate\\Database\\Connection->getPdoForSelect(false)
#8 C:\\Users\\sharl\\repos\\pt_customerManagement_EC\\vendor\\laravel\\framework\\src\\Illuminate\\Database\\Connection.php(809): Illuminate\\Database\\Connection->Illuminate\\Database\\{closure}('select * from `...', Array)
#9 C:\\Users\\sharl\\repos\\pt_customerManagement_EC\\vendor\\laravel\\framework\\src\\Illuminate\\Database\\Connection.php(776): Illuminate\\Database\\Connection->runQueryCallback('select * from `...', Array, Object(Closure))
#10 C:\\Users\\sharl\\repos\\pt_customerManagement_EC\\vendor\\laravel\\framework\\src\\Illuminate\\Database\\Connection.php(395): Illuminate\\Database\\Connection->run('select * from `...', Array, Object(Closure))
#11 C:\\Users\\sharl\\repos\\pt_customerManagement_EC\\vendor\\laravel\\framework\\src\\Illuminate\\Database\\Query\\Builder.php(3131): Illuminate\\Database\\Connection->select('select * from `...', Array, false)
#12 C:\\Users\\sharl\\repos\\pt_customerManagement_EC\\vendor\\laravel\\framework\\src\\Illuminate\\Database\\Query\\Builder.php(3116): Illuminate\\Database\\Query\\Builder->runSelect()
#13 C:\\Users\\sharl\\repos\\pt_customerManagement_EC\\vendor\\laravel\\framework\\src\\Illuminate\\Database\\Query\\Builder.php(3706): Illuminate\\Database\\Query\\Builder->Illuminate\\Database\\Query\\{closure}()
#14 C:\\Users\\sharl\\repos\\pt_customerManagement_EC\\vendor\\laravel\\framework\\src\\Illuminate\\Database\\Query\\Builder.php(3115): Illuminate\\Database\\Query\\Builder->onceWithColumns(Array, Object(Closure))
#15 C:\\Users\\sharl\\repos\\pt_customerManagement_EC\\vendor\\laravel\\framework\\src\\Illuminate\\Database\\Concerns\\BuildsQueries.php(366): Illuminate\\Database\\Query\\Builder->get(Array)
#16 C:\\Users\\sharl\\repos\\pt_customerManagement_EC\\vendor\\laravel\\framework\\src\\Illuminate\\Database\\Query\\Builder.php(3038): Illuminate\\Database\\Query\\Builder->first(Array)
#17 C:\\Users\\sharl\\repos\\pt_customerManagement_EC\\vendor\\laravel\\framework\\src\\Illuminate\\Session\\DatabaseSessionHandler.php(96): Illuminate\\Database\\Query\\Builder->find('Ct8YZjI0gBXj6rL...')
#18 C:\\Users\\sharl\\repos\\pt_customerManagement_EC\\vendor\\laravel\\framework\\src\\Illuminate\\Session\\Store.php(116): Illuminate\\Session\\DatabaseSessionHandler->read('Ct8YZjI0gBXj6rL...')
#19 C:\\Users\\sharl\\repos\\pt_customerManagement_EC\\vendor\\laravel\\framework\\src\\Illuminate\\Session\\Store.php(104): Illuminate\\Session\\Store->readFromHandler()
#20 C:\\Users\\sharl\\repos\\pt_customerManagement_EC\\vendor\\laravel\\framework\\src\\Illuminate\\Session\\Store.php(88): Illuminate\\Session\\Store->loadSession()
#21 C:\\Users\\sharl\\repos\\pt_customerManagement_EC\\vendor\\laravel\\framework\\src\\Illuminate\\Session\\Middleware\\StartSession.php(146): Illuminate\\Session\\Store->start()
#22 C:\\Users\\sharl\\repos\\pt_customerManagement_EC\\vendor\\laravel\\framework\\src\\Illuminate\\Support\\helpers.php(399): Illuminate\\Session\\Middleware\\StartSession->Illuminate\\Session\\Middleware\\{closure}(Object(Illuminate\\Session\\Store))
#23 C:\\Users\\sharl\\repos\\pt_customerManagement_EC\\vendor\\laravel\\framework\\src\\Illuminate\\Session\\Middleware\\StartSession.php(143): tap(Object(Illuminate\\Session\\Store), Object(Closure))
#24 C:\\Users\\sharl\\repos\\pt_customerManagement_EC\\vendor\\laravel\\framework\\src\\Illuminate\\Session\\Middleware\\StartSession.php(115): Illuminate\\Session\\Middleware\\StartSession->startSession(Object(Illuminate\\Http\\Request), Object(Illuminate\\Session\\Store))
#25 C:\\Users\\sharl\\repos\\pt_customerManagement_EC\\vendor\\laravel\\framework\\src\\Illuminate\\Session\\Middleware\\StartSession.php(63): Illuminate\\Session\\Middleware\\StartSession->handleStatefulRequest(Object(Illuminate\\Http\\Request), Object(Illuminate\\Session\\Store), Object(Closure))
#26 C:\\Users\\sharl\\repos\\pt_customerManagement_EC\\vendor\\laravel\\framework\\src\\Illuminate\\Pipeline\\Pipeline.php(208): Illuminate\\Session\\Middleware\\StartSession->handle(Object(Illuminate\\Http\\Request), Object(Closure))
#27 C:\\Users\\sharl\\repos\\pt_customerManagement_EC\\vendor\\laravel\\framework\\src\\Illuminate\\Cookie\\Middleware\\AddQueuedCookiesToResponse.php(36): Illuminate\\Pipeline\\Pipeline->Illuminate\\Pipeline\\{closure}(Object(Illuminate\\Http\\Request))
#28 C:\\Users\\sharl\\repos\\pt_customerManagement_EC\\vendor\\laravel\\framework\\src\\Illuminate\\Pipeline\\Pipeline.php(208): Illuminate\\Cookie\\Middleware\\AddQueuedCookiesToResponse->handle(Object(Illuminate\\Http\\Request), Object(Closure))
#29 C:\\Users\\sharl\\repos\\pt_customerManagement_EC\\vendor\\laravel\\framework\\src\\Illuminate\\Cookie\\Middleware\\EncryptCookies.php(74): Illuminate\\Pipeline\\Pipeline->Illuminate\\Pipeline\\{closure}(Object(Illuminate\\Http\\Request))
#30 C:\\Users\\sharl\\repos\\pt_customerManagement_EC\\vendor\\laravel\\framework\\src\\Illuminate\\Pipeline\\Pipeline.php(208): Illuminate\\Cookie\\Middleware\\EncryptCookies->handle(Object(Illuminate\\Http\\Request), Object(Closure))
#31 C:\\Users\\sharl\\repos\\pt_customerManagement_EC\\vendor\\laravel\\framework\\src\\Illuminate\\Pipeline\\Pipeline.php(126): Illuminate\\Pipeline\\Pipeline->Illuminate\\Pipeline\\{closure}(Object(Illuminate\\Http\\Request))
#32 C:\\Users\\sharl\\repos\\pt_customerManagement_EC\\vendor\\laravel\\framework\\src\\Illuminate\\Routing\\Router.php(807): Illuminate\\Pipeline\\Pipeline->then(Object(Closure))
#33 C:\\Users\\sharl\\repos\\pt_customerManagement_EC\\vendor\\laravel\\framework\\src\\Illuminate\\Routing\\Router.php(786): Illuminate\\Routing\\Router->runRouteWithinStack(Object(Illuminate\\Routing\\Route), Object(Illuminate\\Http\\Request))
#34 C:\\Users\\sharl\\repos\\pt_customerManagement_EC\\vendor\\laravel\\framework\\src\\Illuminate\\Routing\\Router.php(750): Illuminate\\Routing\\Router->runRoute(Object(Illuminate\\Http\\Request), Object(Illuminate\\Routing\\Route))
#35 C:\\Users\\sharl\\repos\\pt_customerManagement_EC\\vendor\\laravel\\framework\\src\\Illuminate\\Routing\\Router.php(739): Illuminate\\Routing\\Router->dispatchToRoute(Object(Illuminate\\Http\\Request))
#36 C:\\Users\\sharl\\repos\\pt_customerManagement_EC\\vendor\\laravel\\framework\\src\\Illuminate\\Foundation\\Http\\Kernel.php(200): Illuminate\\Routing\\Router->dispatch(Object(Illuminate\\Http\\Request))
#37 C:\\Users\\sharl\\repos\\pt_customerManagement_EC\\vendor\\laravel\\framework\\src\\Illuminate\\Pipeline\\Pipeline.php(169): Illuminate\\Foundation\\Http\\Kernel->Illuminate\\Foundation\\Http\\{closure}(Object(Illuminate\\Http\\Request))
#38 C:\\Users\\sharl\\repos\\pt_customerManagement_EC\\vendor\\laravel\\framework\\src\\Illuminate\\Foundation\\Http\\Middleware\\TransformsRequest.php(21): Illuminate\\Pipeline\\Pipeline->Illuminate\\Pipeline\\{closure}(Object(Illuminate\\Http\\Request))
#39 C:\\Users\\sharl\\repos\\pt_customerManagement_EC\\vendor\\laravel\\framework\\src\\Illuminate\\Foundation\\Http\\Middleware\\ConvertEmptyStringsToNull.php(31): Illuminate\\Foundation\\Http\\Middleware\\TransformsRequest->handle(Object(Illuminate\\Http\\Request), Object(Closure))
#40 C:\\Users\\sharl\\repos\\pt_customerManagement_EC\\vendor\\laravel\\framework\\src\\Illuminate\\Pipeline\\Pipeline.php(208): Illuminate\\Foundation\\Http\\Middleware\\ConvertEmptyStringsToNull->handle(Object(Illuminate\\Http\\Request), Object(Closure))
#41 C:\\Users\\sharl\\repos\\pt_customerManagement_EC\\vendor\\laravel\\framework\\src\\Illuminate\\Foundation\\Http\\Middleware\\TransformsRequest.php(21): Illuminate\\Pipeline\\Pipeline->Illuminate\\Pipeline\\{closure}(Object(Illuminate\\Http\\Request))
#42 C:\\Users\\sharl\\repos\\pt_customerManagement_EC\\vendor\\laravel\\framework\\src\\Illuminate\\Foundation\\Http\\Middleware\\TrimStrings.php(51): Illuminate\\Foundation\\Http\\Middleware\\TransformsRequest->handle(Object(Illuminate\\Http\\Request), Object(Closure))
#43 C:\\Users\\sharl\\repos\\pt_customerManagement_EC\\vendor\\laravel\\framework\\src\\Illuminate\\Pipeline\\Pipeline.php(208): Illuminate\\Foundation\\Http\\Middleware\\TrimStrings->handle(Object(Illuminate\\Http\\Request), Object(Closure))
#44 C:\\Users\\sharl\\repos\\pt_customerManagement_EC\\vendor\\laravel\\framework\\src\\Illuminate\\Http\\Middleware\\ValidatePostSize.php(27): Illuminate\\Pipeline\\Pipeline->Illuminate\\Pipeline\\{closure}(Object(Illuminate\\Http\\Request))
#45 C:\\Users\\sharl\\repos\\pt_customerManagement_EC\\vendor\\laravel\\framework\\src\\Illuminate\\Pipeline\\Pipeline.php(208): Illuminate\\Http\\Middleware\\ValidatePostSize->handle(Object(Illuminate\\Http\\Request), Object(Closure))
#46 C:\\Users\\sharl\\repos\\pt_customerManagement_EC\\vendor\\laravel\\framework\\src\\Illuminate\\Foundation\\Http\\Middleware\\PreventRequestsDuringMaintenance.php(109): Illuminate\\Pipeline\\Pipeline->Illuminate\\Pipeline\\{closure}(Object(Illuminate\\Http\\Request))
#47 C:\\Users\\sharl\\repos\\pt_customerManagement_EC\\vendor\\laravel\\framework\\src\\Illuminate\\Pipeline\\Pipeline.php(208): Illuminate\\Foundation\\Http\\Middleware\\PreventRequestsDuringMaintenance->handle(Object(Illuminate\\Http\\Request), Object(Closure))
#48 C:\\Users\\sharl\\repos\\pt_customerManagement_EC\\vendor\\laravel\\framework\\src\\Illuminate\\Http\\Middleware\\HandleCors.php(48): Illuminate\\Pipeline\\Pipeline->Illuminate\\Pipeline\\{closure}(Object(Illuminate\\Http\\Request))
#49 C:\\Users\\sharl\\repos\\pt_customerManagement_EC\\vendor\\laravel\\framework\\src\\Illuminate\\Pipeline\\Pipeline.php(208): Illuminate\\Http\\Middleware\\HandleCors->handle(Object(Illuminate\\Http\\Request), Object(Closure))
#50 C:\\Users\\sharl\\repos\\pt_customerManagement_EC\\vendor\\laravel\\framework\\src\\Illuminate\\Http\\Middleware\\TrustProxies.php(58): Illuminate\\Pipeline\\Pipeline->Illuminate\\Pipeline\\{closure}(Object(Illuminate\\Http\\Request))
#51 C:\\Users\\sharl\\repos\\pt_customerManagement_EC\\vendor\\laravel\\framework\\src\\Illuminate\\Pipeline\\Pipeline.php(208): Illuminate\\Http\\Middleware\\TrustProxies->handle(Object(Illuminate\\Http\\Request), Object(Closure))
#52 C:\\Users\\sharl\\repos\\pt_customerManagement_EC\\vendor\\laravel\\framework\\src\\Illuminate\\Foundation\\Http\\Middleware\\InvokeDeferredCallbacks.php(22): Illuminate\\Pipeline\\Pipeline->Illuminate\\Pipeline\\{closure}(Object(Illuminate\\Http\\Request))
#53 C:\\Users\\sharl\\repos\\pt_customerManagement_EC\\vendor\\laravel\\framework\\src\\Illuminate\\Pipeline\\Pipeline.php(208): Illuminate\\Foundation\\Http\\Middleware\\InvokeDeferredCallbacks->handle(Object(Illuminate\\Http\\Request), Object(Closure))
#54 C:\\Users\\sharl\\repos\\pt_customerManagement_EC\\vendor\\laravel\\framework\\src\\Illuminate\\Http\\Middleware\\ValidatePathEncoding.php(26): Illuminate\\Pipeline\\Pipeline->Illuminate\\Pipeline\\{closure}(Object(Illuminate\\Http\\Request))
#55 C:\\Users\\sharl\\repos\\pt_customerManagement_EC\\vendor\\laravel\\framework\\src\\Illuminate\\Pipeline\\Pipeline.php(208): Illuminate\\Http\\Middleware\\ValidatePathEncoding->handle(Object(Illuminate\\Http\\Request), Object(Closure))
#56 C:\\Users\\sharl\\repos\\pt_customerManagement_EC\\vendor\\laravel\\framework\\src\\Illuminate\\Pipeline\\Pipeline.php(126): Illuminate\\Pipeline\\Pipeline->Illuminate\\Pipeline\\{closure}(Object(Illuminate\\Http\\Request))
#57 C:\\Users\\sharl\\repos\\pt_customerManagement_EC\\vendor\\laravel\\framework\\src\\Illuminate\\Foundation\\Http\\Kernel.php(175): Illuminate\\Pipeline\\Pipeline->then(Object(Closure))
#58 C:\\Users\\sharl\\repos\\pt_customerManagement_EC\\vendor\\laravel\\framework\\src\\Illuminate\\Foundation\\Http\\Kernel.php(144): Illuminate\\Foundation\\Http\\Kernel->sendRequestThroughRouter(Object(Illuminate\\Http\\Request))
#59 C:\\Users\\sharl\\repos\\pt_customerManagement_EC\\vendor\\laravel\\framework\\src\\Illuminate\\Foundation\\Application.php(1219): Illuminate\\Foundation\\Http\\Kernel->handle(Object(Illuminate\\Http\\Request))
#60 C:\\Users\\sharl\\repos\\pt_customerManagement_EC\\public\\index.php(20): Illuminate\\Foundation\\Application->handleRequest(Object(Illuminate\\Http\\Request))
#61 C:\\Users\\sharl\\repos\\pt_customerManagement_EC\\vendor\\laravel\\framework\\src\\Illuminate\\Foundation\\resources\\server.php(23): require_once('C:\\\\Users\\\\sharl\\\\...')
#62 {main}
"} 
